"HolderAddress","Balance","PendingBalanceUpdate"
"0x3154cf16ccdb4c6d922629664174b904d80f2c35","54,337,841.547540620653600962","No"
"0xd26c85d435f02dab8b220cd4d2d398f6f646e235","3,263,096.255750629043859589","No"
"0xbd53450702a341f356d609d76044db8a06e200b3","3,127,605.483108845348374997","No"
"0x244265a76901b8030b140a2996e6dd4703cbf20f","2,759,064.424564657789450146","No"
"0x9354209b880ac0abb02821cb3915a6eeb9a9336c","2,719,999.999999998835846781","No"
"0xfeb9bdcf0b5eec884777222d58583b1569400585","2,527,947.943481685307613272","No"
"0x709f1eded58f310af8f3b40399695383b35309d0","2,500,002.5","No"
"0x0602518115f7931cd94bbdfc413c9e445a8e7db9","2,500,000","No"
"0xb9948503c21cd918adc48d1c77c522c1c5325e72","2,311,279.812608557858971604","No"
"0x43ce086a7769adc7921090cff6fb1c8efd62fb26","2,000,000","No"
"0xb6420c6eae0325edba74845462c6760c6d706766","2,000,000","No"
"0x8d3c9f4d0a8dbb6d5e2068ac36719290f7988cc1","1,949,983.411951281695376961","No"
"0xbc491d0eae558b0beba2dabcc6497cbdd20df9d2","1,882,346","No"
"0x79ea0a678cf18a95dd73660f59ee874b4a7df13f","1,875,001.875","No"
"0xffa73f27115f57644b035380ea92287ddd6c3b3b","1,625,000.875","No"
"0x61e2f3465a187c87bf8988e864764b338745fa60","1,000,000","No"
"0x3fa19e392cc3da6271217d9ab30ef46721278ead","780,331.510493653185217973","No"
"0x7e2e80e8250844dd4e558f13850380d5af8f0c61","750,000","No"
"0xc96e32bdd92327e32d71384c4c54f0a134dfbb26","608,408.244750914477852991","No"
"0xd1bbbc228a4753b9763a111e396a4a3083762a39","560,000","No"
"0x9eed40ba17c27a8cfbe6ec3aa7a418af54e34b91","541,000","No"
"0xcd635df513ebbbbb618fc6c63173adf8659a520d","500,000","No"
"0xba712398fdb5bbb00c588e842a2475c90f7c15fe","500,000","No"
"0x41224f2f3e121c5c581eac2ee4a98fe1ab572012","432,656.35200156724260749","No"
"0x1db323c3fd4caa6185bd658c576ab841f3cbd2d1","370,124.285386341155811564","No"
"0x9d4785305bd0d12b6eb27c5fb6f235fa08516c90","250,000.25","No"
"0xa67ece9340dd55168b50080276be3eb94925c587","250,000.25","No"
"0xa9f7bf2829bbd6b96cc89073996db4f1b9a1d5a2","250,000.25","No"
"0x858da48232ea6731f22573dc711c0cc415c334c5","249,997.32","No"
"0x636bae3f76b4ccb486f50bf192ea2a8d22d1a79a","237,261.064284392124815186","No"
"0xa1992139fb9d37b2ab078c2e7556e2d961f57848","199,584.466142267726100641","No"
"0x940c3f972c6eebf21d30e8fc86dcaf95f4dd5e28","165,571.965372907203224779","No"
"0x073defba5deed8657ac6091afa0798b7cab8f782","157,716.417332612302878655","No"
"0x8614117946175757341b497b688c0c0662838e8e","144,597.556450864377720055","No"
"0xa3a7b6f88361f48403514059f1f16c8e78d60eec","142,719.939954352782591344","No"
"0x79923849ad6bc3ffe0391dbda1f100cda3d1e83e","131,229.599827751221233416","No"
"0x330eedec07e830320b6e283befb03ba127b1a9c1","125,000.125","No"
"0x6ce72efe6b0d406e76869debc2f8b3535782c24a","125,000.125","No"
"0x39f0456c1237bb681139c46d03b0ddd18bb81106","125,000.125","No"
"0xfd778aaa1bc9f90d35d61fb09d6c82ef1f3b982e","125,000","No"
"0xde3258c1c45a557f4924d1e4e3d0a4e5341607ee","125,000","No"
"0x58ff93be8401bbdbe18239f609dfbc9e8e58143b","115,846.85280314561136479","No"
"0xe294dc2cbb49472be1cf2beeff971d45859bb89c","114,000","No"
"0x59adafc5dd947745f0cfb07414ca36d97d49bdb4","110,299.490886700403169255","No"
"0x82fc6a686c5db9b41f58fea5a8ce4c1f6062e5a5","100,580.672335614643766806","No"
"0xef6d69922bc2d038cb508086846524f8011c4a74","92,600.92","No"
"0xc0dcad51d3c6e8511efe5283103371735b4366ed","87,024.379806691362169891","No"
"0xededb6d882cfbf5dea7803cf0013cef9c2bac06f","86,104.471783382597342271","No"
"0x40ec5b33f54e0e8a33a975908c5ba1c14e5bbbdf","84,218.975613532167950304","No"
"0x26fcea16996e6dc73cfeaa1e0af772651251da9f","81,241.122330391826126058","No"
"0xab0eecc2026906072a8f9f0b4e9ef22314ebf1fe","79,598.514713343480466768","No"
"0xdd13eb27af410ea094c2ac357f1b79b62f738062","77,281.313908038763230578","No"
"0x1cd43da02f8765964548882a7623c450c2812918","74,999.19","No"
"0xdc0d8293a76cfea80bbb3a4fd4851de37b180649","71,347.096954285416126308","No"
"0x75b21a583c7ac7cf64193b62e73dc4c597c5e7f7","70,918.14556770550701905","No"
"0xe96030d8ae10b3a31a08434649d61ff01c030f56","67,000","No"
"0x3453f2ff2ed689a31d0d5392638c3ab2ad71a752","66,667","No"
"0x6a5868ca8187b5190b9238fc14e1c160e94df601","66,667","No"
"0x548d20c41fde459d8036650821432e5a3249693d","66,667","No"
"0xf9db5fe8d4025f58180e77148bfffb79fd0d8072","66,667","No"
"0xe1a47414922159fb2d3f614ee9f0340c9c539b01","66,667","No"
"0xd48ab93dffac50a0aa51dd7c488d52d6472a7444","66,667","No"
"0xd425333dd22b049f143522e519a06462c633f37a","62,499.32","No"
"0xa0ee1db18277161802f3256eb1699fd6f043b498","57,589.720389382624117769","No"
"0x49b329b41d73db7f2c79d8ea32e4568b1fe64890","57,086.640430221411372167","No"
"0xefcc1d1c1297c97978dfa8150d826e4857b98625","56,519.544353823951723189","No"
"0x5239c42d41d0382cbc73615f7192881683413185","53,000","No"
"0xc60eb4b2ec3de64765187f7a4f810d5a713455d0","49,999.47","No"
"0x8e04f56479cc74914cd40feb7dbcc6810dd8152b","44,293.81741919374763292","No"
"0xdd94540f8d073ec634ac5452a91f6294efe7ee1f","42,852.051540201273774916","No"
"0x7fcae73cec08faf89f318a55fcda1706eee8407f","42,802","No"
"0xa878a8ed9a58a642531d0819a2c1642a55798864","41,639.660469535627708251","No"
"0xd374893f994f81e0aa555b21cf703ff6d8b51b03","40,061.901856661672337623","No"
"0x5b4e4be23c061ebaf18072c69ee15783488c507e","40,000","No"
"0x7c218fc943e54b82ed027cec922d364859bf1ead","39,975.956677151281777128","No"
"0x8e926cb772acb72fad8f3901028af3adfbf76158","38,991.680661348223335444","No"
"0xdc7ea76ba30302410f087f92dec3eea99f29ffed","36,563.419558564379258314","No"
"0xd2af03696eba235e3855ac45cf0a7766660d8c0d","36,240","No"
"0x70bf28a83ef3ba8a6113b5757aa594d8c7ca249c","35,663.827625516461540776","No"
"0xb63db7607e709f66638192b36c5f4d183072267d","35,086.172668652784195413","No"
"0x0ec977d1863eb919a2ecd65d17cc3f2cfdace3ab","34,804.969512580037311752","No"
"0xd4dcd2459bb78d7a645aa7e196857d421b10d93f","32,255.836439572733471196","No"
"0x8396763a743bd3840b353b4056a7c72dbdf1fb59","31,000","No"
"0xdc6568326278aa13975a037e822a06690d3bb46a","30,000","No"
"0xe8ea976081708f0a57f80d61cd35684001920cbf","28,261.340940090028456917","No"
"0xd00cc5aef6020ee3a24a24f9c5df517deb892561","25,435.62114065151125444","No"
"0x9008d19f58aabd9ed0d60971565aa8510560ab41","25,374.386542954129306259","No"
"0x22e99faf2a47570abf215c359934ecf49f619b8e","25,327.565288437006197181","No"
"0x65c3ffb53319ce08f406d9367aaab93d2619298a","24,999.73","No"
"0x85d515547720b229a01ee59f6a520977165402b0","23,181.857972903682423923","No"
"0x35f06bd68c9ec0765edf2c09e50b3af4332e60e7","22,534.16835956691531273","No"
"0xab5687826469a1916eb9e1470c06b0dcf21581f2","22,064.89532434837856801","No"
"0xa76f82bc8f58986e98aa5106be6df98ae98bbd43","21,000","No"
"0x7a9a0d2ae824ba57a5fe7dabaf7e6846021d4e8e","20,967.423126934033575532","No"
"0x02b322ecfd80aa1de6536be93a496820a84711ed","20,153.028962476201153491","No"
"0x2004673456dd8a736d4db50a9e0d80fe96dacf39","20,000","No"
"0x6c01e8e19c9c52efa5d7f87fbe9000ef6ab375d5","20,000.00000000000002182","No"
"0xdcd7b3a9aa37a7aa7b811e3ec3c3e9cc982aead7","19,049.390974554720250731","No"
"0x7843621a8d9b5127d6de95bcf921d1d305d71cc4","17,457.282895769310054744","No"
"0x258d9aef9184d9e21f9b882e243c42fac1466a59","16,352.294226595249046984","No"
"0xfb8aa192da69dd3de22a9354ea99538315446c0d","16,219.358242604660153587","No"
"0x50be72f4dac794d00f84786dc414f0107f6f972b","15,774.954645867573911449","No"
"0x39087323a006049b5cde3c99dde2492dd206057d","15,240.510449844390082597","No"
"0x898ac64f126b0b73a651784d0225b72ae81a5de4","15,218.075018621443772111","No"
"0xa5c49654bb75ad47b9186942eeba136256346a62","14,723.302678570924267709","No"
"0x12f2260c39e546a4cc00f1728b0ac327e817eb6a","13,761.798191972593540791","No"
"0x51060f433795756bfefd0f9781523c7618b44772","12,266.385516038153430438","No"
"0xaaadf14546fb47a72d89b57d4824dcd04c6113f6","11,990.21898116003164439","No"
"0xee9c06246bd03a5e8df61ef46ec12f40c304c64d","11,912.169873017867663786","No"
"0x79cd5a4c95b6a0a44eaa49a41df0226a5f9fd6f1","11,625.66312198583006158","No"
"0xf4d9263a90100fbe3e671a58bb40e7e35311a655","10,925.160937685752341623","No"
"0x6143eebcc7615a0ef6e63d7e334c49b63ce6a411","10,478.692330098992815266","No"
"0x63b57eddd61fadbb8d6fbdcc71ccae65d74d1ad6","10,340.328835332059127785","No"
"0xf13a10ba3a2e68ef1589c7cc3cd2472e1bfc711a","10,100","No"
"0xda25875926a111ff56fd9b941570b5424fbacc3f","10,048.950041823808210668","No"
"0xf3edda205799decb1651b22610350fb0c747f457","10,000.000000000000027246","No"
"0x4da15047411c6a16ac2206a98b04043c76abb104","10,000","No"
"0x17183605a753a0a2996f45a9dff0725c91891968","10,000","No"
"0x584fb773ba1c8e1da70b95984f3d9443a13b92b4","9,760.557390268069940158","No"
"0x3b340ee6bbec1c6ea0e8ca4e5de8e06fb7e35bab","9,590.35241394684706129","No"
"0xb6996b02f4883006f3855181899f15c9765eb719","8,929.298162899269991783","No"
"0x79aa6c16f8b3cce6eecbe91b657c2e3595f86da3","7,906.597224264292556804","No"
"0xc54d47ba928718c47107b00c9e92612789215bda","7,878.791302004058853374","No"
"0x1fb7ae01640318912d64b09853b1a6d8ff3d1809","7,616.499656709595520175","No"
"0x89ade1ee6c3793dc459f0474a861b79ae7c7ff7e","7,507.086645205809426644","No"
"0x53f8bf8889f225a9cf33b4bbb0cfd5a05c183a55","7,321.820439012843730266","No"
"0x124d05e1cf1316141463224e3b9a9592044ee325","7,289.446453356706119968","No"
"0x12afc6451f21feddeb1f732d6baa02684c258d9c","7,000","No"
"0x9c09926927201527812364cf97aa9bb962a638b5","7,000","No"
"0xc936a189c6b0c1048f4660a04b5173eeb8b5b22f","6,444.976889774994789202","No"
"0x6ca6cadc880d99855d1bac40a6e4019f69e6abfe","6,443.840699190930082985","No"
"0xbe87c03052059166057e146b9b430d08ad88eea0","6,109.009812127313999492","No"
"0x67e326ed4972650fbc9541b81a57ded004f3e4ee","6,062.202309400411675766","No"
"0x60fe22294b82136ce313246e822ad4858d7ac540","5,667.663758882770413767","No"
"0x57a2995b9edadce5c1282702b238e1616745a5e3","5,414.515703442498319048","No"
"0x0659f534ebe1eef11379ce39075716ad3a40fd55","5,153.872117833320845","No"
"0x6061205c7ada4fb1ef98bebf4adb04abf97ba051","5,000.000010921587748273","No"
"0xb2210fa4bb8813896e5035c9a9ab44a259a14abd","5,000","No"
"0x20e0e86d92cc1a6ab6aa3c1b7b28760477a8d29b","5,000","No"
"0xb468bb1b68307855ffbf38a93cb22d75ed4584e5","5,000","No"
"0x00e19dd0ca2cf4a29f768840a043e449ec281498","5,000","No"
"0xef0af9cbc7fdb67ddd261540d15bb11f53a45b1c","5,000","No"
"0xee957fdeee67a62a12e4b526473607a715728e60","5,000","No"
"0x023ec66889ea673c1adc3d252eaba7529a3d074b","5,000","No"
"0x372d250625cba17f3d6bb9b36afb17cdc00cf7cc","5,000","No"
"0x95687a0c2ad7c4bf84ed85fb4124e1cc801e8313","4,969.143776165171358186","No"
"0x50664ede715e131f584d3e7eaabd7818bb20a068","4,957.3065733524453","No"
"0x37bb8178121035e137cdf8cfe7471ea56bd0efbc","4,819.588385666821444857","No"
"0xce4e01b67c8061aba6995e5ab2f1be2d51b9ab69","4,595.629511886653295778","No"
"0xeb86bef431e75d32e02eed4209400f2c42c77ba7","4,592.09340311942936034","No"
"0x5db7439f4ea3b08a5c2dc1232719d35d4ecc3266","4,166.06","No"
"0x702dd0319d29cf0971954b0ebbe87c22c99efc2f","4,101.533081891932394366","No"
"0x7346848c1a5b643912d9593e2c9dd051c015fcb3","4,039.976204851870240739","No"
"0x4cd6054901e3c750c1a00db8226feecd5020f59c","4,028.450175540455770253","No"
"0x328809a567b87b6123462c3062e8438bbb75c1c5","3,920.23038491056499763","No"
"0x7bb930c98aa76bac7bc6f4fe6a522ee69138ed64","3,892.704589214084305981","No"
"0xc294fea53deae906fd7e8e67952ea241fcd06d79","3,736.623977281025177032","No"
"0x3b2534b8ea1f9a8bf9d9915b91bae673d161f2a5","3,618.359992841357223859","No"
"0x14e56cf9e6257475f9b6310adc98865fc24d6504","3,553.744800690861969927","No"
"0x1e022fe7ec25d21d2af2aa17f7275abd6b22a438","3,544.596619465956335176","No"
"0x1925d25e5a0350dffb5b98e6e1d4e3e7999a9ebe","3,480.306127581097860878","No"
"0x3e1fbb4f779e74a4b17f87293c784e038220faf9","3,376.7448060464855","No"
"0x36bf3d7416bd671e03a874ec217d07910342346a","3,300","No"
"0x512c676ea914bf351ce398f705473cfd30c6692f","3,142.135627213495669904","No"
"0x8f5dda939bd7075b483ac651b5069d8de32e53e4","3,016.918895092480452546","No"
"0x3fedeeea7bf7b1ff2e3f7514a17f72cf61e8f169","3,000","No"
"0xb0911ef4053298b3bfc510bea881e6c838be7589","3,000","No"
"0xbe5f619d14e8efe20ca7fbbd4f65d6be1e6fc7ba","2,981","No"
"0xa5762f9507e5f2ed2802dae0cdf1ea4f2db8bb66","2,976.671569231861650908","No"
"0x9b616ac1d31f17be9b23560d93699ca7732e2808","2,840.653513593849209603","No"
"0xda892c1700147079d0bdeafb7b566e77315f98a4","2,778.929051697354573818","No"
"0x085843dbde124ab8babd558fea60534962628338","2,772.290735709453471702","No"
"0x6ab7ab86c57048eb69c33e5aa27ddbddc66c4f80","2,691.113370029392374871","No"
"0x5e155a291f5657268c74840d5f98cb8494a9805d","2,624.319487141004775305","No"
"0x69110c4e9b054db9217549fdf2a800418fe8ae9c","2,584.2","No"
"0xb386c139442a81a482424f11214e70625a2c7109","2,500.395418557647647468","No"
"0x59bd99198e0b4f08dbb9ce49b48303d894253999","2,500","No"
"0xab2b832e7ae86cebf21c50300d92cd0a104d30d4","2,396.568722939967839642","No"
"0x6f839d2d3a5609b97ae31f4559da015b80d6c613","2,365.065219314049176651","No"
"0x1f561e47f2d511cd68953d1dd00275289e3a4ba4","2,298.513953189266604363","No"
"0x22f0aee19168c6b1a7083222dd87b2f9dc3736e8","2,163.629954922886870663","No"
"0xe70a0956d84b96c05a7739abf10cd4edccbf109d","2,122.302617543489052886","No"
"0xc17525609fa38aa7b626d6382166a4ff23240ebf","2,039.061671514551033846","No"
"0x9793b62fa9ecca75cc606abf1370e66adfd0a657","2,019.685673820907174247","No"
"0x5a99514530c6dbdb21e568296667732bc2c05185","2,000.145983610942066181","No"
"0x131b491c05eab5dcedde5cd0f847574b78ae7d3a","2,000","No"
"0x471a7853ba0b93b2b4103bfba334c1d1ec9dd6b7","1,980.626807798315383699","No"
"0x255fc518e1c48d6e44ed942db6504a0dbe17de26","1,963.347441828780160947","No"
"0x47a544126807fb7e26e7445d87312f1949970a03","1,891.791411611323701829","No"
"0x000000fee13a103a10d593b9ae06b3e05f2e7e1c","1,855.396709610290473352","No"
"0xab386d512836afc0d28d9b25396b2289cab71117","1,754.347120157453102136","No"
"0xaeed0f311428186b861fe9dd4b7fc11c267c7a5b","1,720.844594242196","No"
"0x9279b29218b27ecab8f49d5e35a5be8e9719def8","1,716.165228324865535262","No"
"0x926def13055f309a2f489dd2ae6a596d2a0a8335","1,684.462860634996832296","No"
"0x926a9377f513cc22634a0f57cb0974b9f626c49d","1,677.190203650886011229","No"
"0xbb7e284fd7b65a64581d1aa227e79c640899e4b5","1,670.522496637092263393","No"
"0x9694d993c7b2b089ac34547af079f0469e1ce53a","1,668.2569835028936608","No"
"0x4fb2e1e718ec713aa7346687fce8e4411b7f423e","1,644.327353524173024019","No"
"0xd1b38482c05144d38f84da3c8a0331b639bd56f1","1,644.042032276079875716","No"
"0x5a805112171fea540cb85f851757e395751fb7c1","1,596.38745504614070221","No"
"0xa2688826947336ebc58621428ef5003c483495f4","1,559.391253213146361721","No"
"0xd70b45ac304415608aa468f0ae32e49535c23114","1,519.035992663303817247","No"
"0x19ceb26100806921b91cb2343614fa4cbca7ddca","1,500","No"
"0xd993e7899b801ee5049b553ebd62acd803231ce2","1,500","No"
"0x6f837df38128085adc6df761d80ce80b5038591e","1,495.115142553534178215","No"
"0x4cab3ef7ed32a1e9bd5c49fdfd43a4d6142153a1","1,492.579684209576372119","No"
"0x30c00d56ed3f5972abb82c1b656487f3bd9b9bd8","1,490.782016188528341889","No"
"0x382ffce2287252f930e1c8dc9328dac5bf282ba1","1,485.680848013027763315","No"
"0x28634d261f9343824a41f642c9464d73c0b62b59","1,477.999998450863377349","No"
"0x4dc60f385d15b29746b1b7ec2631b478933e67e3","1,471.582955519518979921","No"
"0x9bb86ab2ebe3e6b9b580d557f7adcc4ff746ec8f","1,441.895552155973912288","No"
"0x25709c1a7d07bcac84035b4998bf3a4c52edb973","1,420.126140087920541293","No"
"0x7879cc2c7194e88d702d04bd08566d14849a12bf","1,399.487225027573095154","No"
"0x3de6d36a08c599b6e546d6b183e267e4d9fe8ac0","1,396.303676420866422688","No"
"0x2377d08b9a386d96871dced543161d074fa1a7ac","1,324.880151603134513204","No"
"0xd227e63e7d74ba0374e1d5b2479666b21ba7811c","1,311.654104024","No"
"0x807117a4f8682c40a175b56d0613f1690af96413","1,310.351087155998649431","No"
"0x277cb59c39a249913770a6ab5d94401b7c005381","1,305.594149202387522235","No"
"0x1e983734058ab8bf36b5fde347fb8fb9d45c0922","1,300","No"
"0xf68caa2289e206c58df3df802cbc8b2a03b6f6d6","1,281.019834212564900941","No"
"0x274829c52bba894d62a4931b46b76cfe0606ac26","1,250.000001663320206772","No"
"0x8db8b1334f23e6287a3c0058847bc1bbaf22b682","1,237.417","No"
"0x1c592901c857166ff30703b9d887eecd80b63ed7","1,217.043751602845972621","No"
"0xd2f142936cf147cb76ab7ce47ee27956158b61f0","1,213.98958175810797694","No"
"0xb703b4734b735ccd8763f7c6d7d36fc086c1afb3","1,200","No"
"0x2fc7d16ee683f777c1d0aeac8b0b0793bd5f85fb","1,137.531205139621127344","No"
"0x589903796f5c2d690781482daabee3619e7f7887","1,114","No"
"0xb3693f750c6e1a3383f28963143dcbb2467c7371","1,097.853663625453747721","No"
"0x0a04da9f90fd33939de0a53b0eb9dfbd54dd817b","1,093.466309962199788528","No"
"0x23f5a2f1d03e3f1ca4ee6915f0dec15df2979c2c","1,074.374344636898441984","No"
"0x221c2f9fe59f6d6dd569cb8fc94755e247afc309","1,042.448713749959146716","No"
"0x61fd0d043d519f5a2bd05785000f30db96809429","1,006.414968952320391547","No"
"0xa056cfc0c80b1082536ee1e16da91b81fe6f02a4","1,000.000008287489335141","No"
"0xb7318647071eb12164d251b07815154761967a8f","1,000","No"
"0xf9593a9d7f735814b87d08e8d8ad624f58d53b10","1,000.000000000000014783","No"
"0x0ee85c30ff1797d9f041261b88c4a58d6d68fbbf","1,000","No"
"0x13c77f364c875f08f756c652d77c66e8f73371cf","1,000","No"
"0x3e808d420a4c88684dea6b48e31545a3066bd5f5","1,000","No"
"0x9231bd336662f06b9576b579959c2a64e3f814fb","1,000","No"
"0xc083ce07eaf5fc80fa0480ea171e662923815b17","1,000","No"
"0xa4130a4abf3348931d17d32a75b8357e1d28cc1f","1,000","No"
"0x4e740a58d57330123a92edd28f5e3592f447a2c7","999.182843342887851752","No"
"0xafdfd3f9914ae1d0fcd83e69928032be8b744196","981.691031271676545358","No"
"0x38f46a18bfd90d2f87071d928979f32e9a6c3ebc","977.222377208728280342","No"
"0x98b44923def45b65d69fa82fc5fb04a348fc81b1","975","No"
"0x8f22003f659e521e6daadb261d847f4ad3d463f3","966.269766124742623263","No"
"0x59fc7d686d0beb1789481166415b97d778ac0c7b","950","No"
"0xe49e2611ac35f0a11e5c36c1f3b8ffe74d41671a","943.503865588646904192","No"
"0x7a223473f7e43c6f106ee2b6fa853de500166a95","933.572527479944400053","No"
"0x6a97fe1b00f6133de4e5321919ddc388bfd657a2","924.339305314546954324","No"
"0xa14964479ebf9cd336011ad80652b08cd83dfe3a","922.579458051127731175","No"
"0xb4dc4c7460c58e7652cd615675a1f707ebb67e9a","904.301436856932027373","No"
"0xc074a473f23cb6908bb88b3793ff35b524ef7701","900","No"
"0x485e486a402a9f5f47929471defb6081e073a728","900","No"
"0x78d414bd0d71caa874848d543efd36892c75f4cd","887.34133254546887803","No"
"0x084d75d0c494ddd62540ee03dd0c5371da55d30f","841.278204698990404208","No"
"0x3a4939029e54e5b3973410baa83d5ec8854d7b28","817.560238307333411629","No"
"0x4bb780d23466061d4617dba377398b485ba9c692","800","No"
"0x3d36e75385c686b0c6c390621158934b3d1a2396","800","No"
"0xa2b20c4d895cefdef4a0aab161f000344981933e","725.898585458751757166","No"
"0x18bbb29ebb39b1e5025cdea92704377bd3194020","722.385561485683391771","No"
"0x034a3dd1fffce09c67342b185a450de933e228c4","713.949717407611277867","No"
"0x24d3f0e5ae374deff6097627e127fb561fb3381e","706.9215769696860698","No"
"0xb04115f10dec4f70d1fdd6d3a694315d499e610d","661.335126425479540507","No"
"0xabb908bc594387e8eab7959a70b4aecde38ab451","644.664000000000013514","No"
"0xc235839d1d38de4fc7bcc6946fd3c87255a8219b","637.793266007453335186","No"
"0x466e080272ad85b2e20c0e8e13bafdadaa2183dd","635.568619675448821155","No"
"0x086f51fced9ff6c742d706c319112359e3658b08","628.553394599544364","No"
"0x2f91a477fe84d95856e3f880e29361e7a958efb9","626.799132322030640231","No"
"0xa7261c7e4fc60bf7ee967e8ed7fab15638e6ad7b","614.119111695572178641","No"
"0xe3e02123a4126de661af887eee222498c6442ffc","604.492958845994489716","No"
"0xa350122a590fc6c8bee981a06039436fff79c02a","600.088420556614463968","No"
"0xbd77204cf490500be9c8538a9f61281e821d778c","600","No"
"0x0a26c485a3d3767b7e1a69e56a947bf3c140f50e","600","No"
"0x65f6fa661bfd8f0c9dad0bee07fb1e0da4483569","600","No"
"0xf0d42527c77c15bb0ae2d32658bb13d4c15bca7c","600","No"
"0x96c1bd6809f02d10a62d199b660464fe0e391271","600","No"
"0xdb75fc54b034e349821be72a7a70c7f697cd6cde","600","No"
"0x23dca56da55d744687a1bbbd52dbdd5afefac7d3","600","No"
"0xb9357bbc7ddc3e14c0c782ee5a83ddf902f9f469","600","No"
"0x0ef248a59f91dead8abbe9033b77b7abc4a02dd4","600","No"
"0x52a4e42a2325f662373e17721d97de6a914586c0","600","No"
"0xcc51ec380a7303347f68fdf0d8923c04e12bb911","600","No"
"0xda97d81ea603a0b1cbbfbe05549786c52ae11cbc","600","No"
"0xe6b6022eebaf3244e1af74517e4dc2dc42853a72","600","No"
"0x38b630f942a83a3a7778400f904f7f877f94d7a6","594.868488018985790878","No"
"0xf151d801333f9c38aba628bc9144f9225b2c4f04","592.770451713605544923","No"
"0x9b4437a5d9cac2f3a41dcc23ac4b14162e9b0b05","586.128936932421763574","No"
"0x51f9afb0ab61208b18d4b49c2f4227183fb963dd","577.649323123418534368","No"
"0xb5b0fa3df4c9c301e880f1aa23d0435039dc2d26","572.099219415677175558","No"
"0x5f42b09d4bcb337580bf81889df35eea44350494","563.181457001672951609","No"
"0x6f43e2aacc44aa061732c16cd719c16de7485a86","558.022963083433405256","No"
"0x2be54d5bf4a7b1396b338d375b48b7e5c85dbbc7","551.911693129430953956","No"
"0x54143a09bc182cf4b6faadad03808b7ea74192bd","513.142768176914127096","No"
"0xbd094bcd41a7385281698ea83a24224749de07be","510.978800887901896491","No"
"0x3835260cb5a075d272653a19645cb7268771df3b","500.000031525912958907","No"
"0x0199a1620f3c92119e91265fd9d3148854e63958","500.000000000000002473","No"
"0x80c97fc0db511c0d4628e6453fd1ead5eaec2d0e","500","No"
"0x7f6964ed88f2ccbde3a96a06debb90b76ed1b0dc","500.000000000000000379","No"
"0x435e25a774d7fe4613ce7a3a45985216cfde1a05","500","No"
"0x1998da2975c688be3adb00583f857bdd5548a296","500","No"
"0x88beb781194847efb93c4872087e45dbe65c026c","500.000000000000003792","No"
"0x0a1bad4383c3c87f80f456da7446ac9ff2bd7c29","500","No"
"0x4273c8cb546a6d068a3b92c020247a96518468ed","489.809703684033560895","No"
"0xde36fdaa09885c88945f8c5c28d3a7a0d4e746c1","487.668046178497748499","No"
"0x3f11ef5ad281b7abca5ed3410e32cc51cef825cf","481.471227523129385969","No"
"0x3d75897cb35ecb0add5b725c54437bb958f1baf5","477.688349535815246477","No"
"0xff5a742c9282585a424613b32384af66e47b7ec1","468.936974879802072332","No"
"0x8ff4eba9bb946458270a11798c72831ee1c6bd7e","467.474429450256623192","No"
"0x5ee5fff873e97c645e3e8d9d67d69104fdb98a42","451.89497199682967452","No"
"0x88c62f1695dd073b43db16df1559fda841de38c6","450","No"
"0x0f7bf4765eb68d2fdc17b2437028a9a5d9314952","445.545857006770177135","No"
"0x5372cd6b63cd3f27c8515370229cb029cf5f1d62","445.204896030079270174","No"
"0x06005605bc9a8f9c1ecd921775d5073031889880","444","No"
"0x24982acbeca5436e617075438ef8f98f5aeb48b0","430.775541359585713165","No"
"0x8570b20468aca9d791a24cfabc67ce3771d0d889","429.776262958438613096","No"
"0xd24a605d0c02d7af7b8817395307388a8df6a490","427.89207271044620008","No"
"0xc9c8bd94fb92a0a4b9c36acac355be29b5cd6d98","426.759142329887619474","No"
"0x71a426767c0bef4b7d96de311d793d7102891d84","411.283040899630640262","No"
"0x537ada04c0d8502bdd2393d4525e3587ff2b2999","400","No"
"0xe4bfa2aa5e608b501793238c0adb2de88d0d0373","399.031833571182012621","No"
"0x5bf7cfd652040266b49138cf53718a80360fe477","398.866316876180160835","No"
"0x91348989a11b664089312928f3fd92a4a61af162","393.128741351481519299","No"
"0xe2a8b8cb661351d066c81f9349b3c9420fae37e6","392.185302447716100028","No"
"0x6f460cd11bad831e208cc8cbda5c73fede583c5e","373.9","No"
"0x042e524f14a6c56a7fa85dfc0975f1dce320aa40","361.317996702779642958","No"
"0x94b96376af1760d787b2cf251fb7031e1e4dbc58","361.044510984189265525","No"
"0xeef78134664602e37c37d438a49b82f531704e8b","360.5631412158642","No"
"0x02d53d2c706252814d7264edb7faf15686939702","358.732721444208815707","No"
"0x6b488c6f5c2800c7071fec6730e8c547b657610a","353.346224869807804407","No"
"0xbf44bc3ff7d27ca1b72bf1d72f5f5d4a8856cd67","350","No"
"0x1eac4b2eec2fb0348f10dac4aa0ebd3c03131dda","347.79174753955204257","No"
"0x28a0343b9cfacc88bf244841bfebe937ca008c8a","346.584080913375811301","No"
"0x286060cd2e24e0bd0814a83e3621c4ed6d5e2466","340.598564263371436549","No"
"0xb0a3c8c9b335590aa79fd7b077e8c70fbe470f66","337.677886866229281405","No"
"0xa7f8e21802e4da13f710e7ecbd8d6a7cbf52bf01","334.352084482839550446","No"
"0x442d03c02eeca629e2ec7f92173e22f390076760","331.851751798437436721","No"
"0x1841f3260aecfa941d9306596ffc7c61c22dc3f9","329.037047077444587324","No"
"0x482815a8ada5cd250ef5030ee7808b9e03e86815","320.189596048786672115","No"
"0xd8b14ace20b07e3320b780d8a90681e49aa36614","316.248942277254021987","No"
"0x9c2f18391a010734baa20fde29823e0f4f7d6504","313.398126347898519719","No"
"0x5b8c3d5edeff217a7f4ffb1a315aefcf9794d1ea","312.692259619652497749","No"
"0x13107f605851895d7f2b00646702ca9e7eb50f72","312.327526482973840666","No"
"0x879880ce5bd7c15f64bc5327139b3bfc1c115c56","311.100255708788135759","No"
"0x062093f8e073df4a5c3bd31fd49a64afb7b6e3cf","307.514610365891113816","No"
"0x07e74e29bb0acc99bb4a63dcaea32ec91cf20e26","306.079023009026130431","No"
"0x32ba62de2aba38e3a46d9cb2e5ddb6f2dc320379","305.993934106898620492","No"
"0x39f85b27ecbdb45e9c4003b6eaac5d29334b38e0","301.089027502428035026","No"
"0x2a3dd3eb832af982ec71669e178424b10dca2ede","301","No"
"0xdeeba212b56427ddbd2d2a1c74d49aa75cbccbbe","300.592109657229245464","No"
"0xc518f62ccc4b003a37b5f4d12a9ceecced1df1d9","300","No"
"0x3874fa6d283856bfda18ca4d4f225caab0fd3e7d","300","No"
"0x65757eaed3825979b989476735a6bbd9e8514f13","300","No"
"0x91a9a1fcbd15809650bdf49c289068aa270e1db7","300","No"
"0xb468149b059fb9afa0b3e64055442ddcd0dd84af","300","No"
"0x1768c681670246e82b2c80180357b1f785d0e444","300","No"
"0x96bca87166055c9bbf87aba9b9d39175bf696533","300","No"
"0x71fcb7594737be7e7d8ced2b94e9227054c0cd57","300","No"
"0x9f0279ca65a9216162a846afd7e4d6517faca0c8","300","No"
"0xf3f85f2caad916d25ebc3b9111a558c7000c57d4","300","No"
"0x780a146887610f9268f4b8f87bbf1f5cdc79e553","300","No"
"0xf69d5937cb173db74847013561629edc09af26bd","300","No"
"0xdd896d4a650c2c33f6a6126677c5319246b137ea","300","No"
"0x3f52451f89f94e2227fbd5443e6ef50af1a8a311","300","No"
"0x74865d22211fff9072ef6864c2f15c772a1ccace","300","No"
"0x8255c0ec5e4e2b363bb0e54fcc64057cb77d4e8d","300","No"
"0x4a4c8e15ccc184e9eff2cbbbbb06ebc2571fe6f0","300","No"
"0xd9c63d8d148e9c059265753db8529f9372540f29","300","No"
"0xe4e1a0b0459d89b0a813a1a3164d20b674d0a7fa","300","No"
"0x43606235e11641efa7a45190afb9e4cf9b0146ee","300","No"
"0xfefef320340cadc470ac0835afd9c006534a179e","300","No"
"0x2284678559128e9679f121f073b554e19a50e96c","300","No"
"0x316337992fbaad04e4a698e4b1350742477a5b49","300","No"
"0x4d7b1f80b5bb4091a2e03a8120eb2295dfcee820","300","No"
"0x2e64faaca4b2b8fff79f224bba1e3994d4a1419f","300","No"
"0x5df12fad79f630dc7c64d3bd2c00673f4ef36682","300","No"
"0xa969dda12e648110efad9f6a2097cbdb48b5024e","300","No"
"0x47c2162aa3abceb10442d6b51f25bf846a23a920","300","No"
"0xdfda6a7329df4e162f3a64894f07020870e23cff","300","No"
"0xb0831d7eb3f443ec64d1ee55920a5a8ba2dc265d","300","No"
"0x87cd289b2358f88be6debb6a48b046d5ec00d8c9","300","No"
"0x870d0426059f9a16f2f7af069f8abcaeefbda6f1","300","No"
"0x7bd2adeaffddcaa06512e3f811baa87c67988fa5","300","No"
"0x595f5b03d50ba4d92ba7b4e282cd6d977add8d7d","300","No"
"0xee7d2069269aa17557ad07d43e7b83ad356545ce","300","No"
"0xc0f752f03dddd9363d7f9e2723fac40ee6650c64","300","No"
"0xdbff52676193003c5293a91b243da80892b94df9","300","No"
"0x05378dc11698d90a80798e316869e1ff08c07ff0","300","No"
"0xf3f39c38e9be561155cd83e75f62bb2f791350a3","300","No"
"0xa036ae8bdb1054a05dd55ccb8c052724bc5ffac7","300","No"
"0x930e7333ea9bd9bc06175ed5446cb5be83cb7c31","300","No"
"0x9f8d671a6b04af0cfdce1e03a68d9403591a31b0","300","No"
"0x10732db11b143559ee8be2182673a04733eeb179","300","No"
"0xa7abd07aee2332a3ff8ffe09acaa193d64a2b7b3","300","No"
"0xe99d2f668add6cab55e70872b87d1808d5457b35","300","No"
"0x153b450572dbd8a1a007d51e66c7a6ff26007aff","300","No"
"0x27877e9c8b59051fe3534f6ffa577a1ffcb5caea","300","No"
"0x9079b8a0d7148f1f832c557eadc9dae9c46e56e4","300","No"
"0x41a96dc2965b0ceef2b89ca1fb9082eb22095b03","300","No"
"0xb900f9d1807edc916129d15d1025e1f779ff8c91","300","No"
"0x4d217dc1cda85f4c044a0314cf1beb0b0cbc3189","300","No"
"0xfca268a0f468b4a8fe0131045b86fb2225d66578","300","No"
"0x86d4a6331963caf5f616e8f8d74f38b6b5f7b568","300","No"
"0x8d60a5a96721d2d52cfba6802f5d5e57a90622f1","300","No"
"0x9dfc2312b5263dbd3a7ddc173e128c43423dbcfe","300","No"
"0x67f2148ec627509ed106b7604355ec80d306f740","300","No"
"0x83f6f80495f6057a3a2985893ffbed9b57863d8c","300","No"
"0x04eb6e367efd1f0e6b09ac0f8ec12bae15dbbc43","300","No"
"0xbe3dc73d2e02c140600d79166c3ec9999fc9d369","300","No"
"0xb54bee6cb56aa7d9113bbfeb7543375198f6872c","300","No"
"0xf31e952a4b01692410ef7c268aa8227aa347fe5b","300","No"
"0xceea8486ba2958670774ecfc880567389898d2e3","300","No"
"0xf1c289f7e97c158eae887dbdbb59c53387fa54f7","300","No"
"0xe8596ca628e7549c5bd15757140294e8831a15a6","300","No"
"0xfad5d10baa62baf4bb172925c05f9a7bb5bad95b","300","No"
"0xf0e4c8462e5dcfd282e3dc63ebacf7a9369575f0","300","No"
"0xe549a0dd6ff085e22763150682e3c288e379abc1","300","No"
"0xe2077be9efcd14ac6819bcee581384f9b4333ae2","300","No"
"0x90aec9fb78d6ff46600cfdba0080ca303868ca03","300","No"
"0xdc0e468201ca26137977ac3959f9f546a449d8c5","300","No"
"0x46c2e6efceb9b4d7f92e300b8e0580d1943ce29b","300","No"
"0x6b5d099235b1e4628403acf5355f9f1f3573d457","300","No"
"0x946ef598032d63368e131e43ef57b805cf60d977","300","No"
"0x34629ee53ddf0b89995714d02924ad8d6361d9a5","300","No"
"0xcd5f78bd21848f45ccaa0d895214d24e4e08786f","300","No"
"0x22fcd6a417d94b6635438b04c1b089fa9e6fd269","300","No"
"0xe1b9ff0e24928731f5533a86c0434aef1d402a06","300","No"
"0x689658ebf156cbb647e595303d277448482e7916","300","No"
"0xd0122bbdb8a1a90d61070fcc88c50052fc7f43e1","300","No"
"0x5380c4438200c698504bfa138f46aee7882da05b","300","No"
"0x97b610a9ddb49a2b13280b6b3561dabd12f85431","300","No"
"0x9fee7bbad41b23734f4739c08fa490c76c98436d","300","No"
"0x0916ba8d375699676bbc292dc966353ef9bd3139","300","No"
"0xa467171c734b175cfd09b6e4d8b28be1ec1ca956","300","No"
"0x909ad8143a518de33aca0370193bbfcdf6572226","300","No"
"0xec4e776592e80dd0896ca0b58bf065e607749acc","300","No"
"0x5d5030efc14b0ca0f86fbef7cb8b3efdadda6e99","300","No"
"0x4b567ad3a3d4265c3270fe99c1ae89b7e8afb9af","300","No"
"0xd91db12f70151181865a2ca3615054772206d87b","300","No"
"0xe95ae90bae436fc77841ffb14d3782fcfc3e6edc","300","No"
"0xe38b3806517671c470c2f2c389715f0442a36295","300","No"
"0xcec92faff0c1c17c91b8930d7aea9a682773f07b","300","No"
"0xaf6f4445d71c56099e5859480e3ef7918f57948d","300","No"
"0x0056c585b1616ba6f8f9baebcdabfd7dd8b83963","300","No"
"0xe730c994287cdb0e1935997c7753103b6de6d9f3","300","No"
"0x7b7de1ae9af850c1ba82f8e5b8c594207083f46a","300","No"
"0x6ac553415abd2c19f0a710c36e99c33c8cd2926e","300","No"
"0x9f00263a98a99bf855be4782ba9a4228dd7c466a","300","No"
"0x67f60fe087ff49eb0e654db183fc46b776845a13","300","No"
"0xca764041713ba5c31dc39a946193cb563b528f4a","300","No"
"0xa4446eb85b69fca6c2cb50b3eb235f5e299a4bde","300","No"
"0xb9e6dc58a35c7cc94cab49718b50892d9b93e795","300","No"
"0x50ffb391b009a438e92508385e1127f6d7bb7c43","300","No"
"0x5db7f6d41550f575e4cd8b8f80d45502315553a8","300","No"
"0x6095577a3504f6622cc6aab8d550f86d3f348140","300","No"
"0xdde4ad09bdd30b44b9ccddea6c067fff572fad55","300","No"
"0xf507cc47e54e5eda3443a82e9ea72c2be08c350b","300","No"
"0x38335ec698aad8730f76251072d24c19f7daa4fe","300","No"
"0x5f74275839bd55b2ddf82d8eaf303725d085be85","300","No"
"0x6866a6a28129839f67da069ceb68ad258830363e","300","No"
"0x1514566e164e27edc0d47f18ed653620b4fc7f5f","300","No"
"0x14882c1ad4802de1db856338393285d857a93a1d","300","No"
"0x56d1e6402ddd049e52ca7d11eefe353bc18e3fbf","300","No"
"0xe47468ea3129ee933d89fecc29bf14a3eeefbd7e","300","No"
"0xe636524802ed43757e8cce7c4f939882491b9d86","300","No"
"0x507d0b236b08ca736017521ce6117d3951e75130","300","No"
"0x59bc857a8e2a30b1f43404248ba465f96a1ca4ca","300","No"
"0x36f50e911a24bce81c49df601bc8b6cdbd27b30e","300","No"
"0x346bc5d3c3b96235606d550d26c9b2f527fdf33f","300","No"
"0xf6c8bb7946a3bb183078544d7af5b7ae1e01f596","300","No"
"0x0ee56e2eae57c190cd8f04e06a21d2bff46661da","300","No"
"0x5f901c1f73b3ec7799eb9d1345b44bb0d62a7d56","300","No"
"0x095424260efe083f2b13bc4949a80fdef86872c5","300","No"
"0x976a85963a1bb8015cd905b3c145823a90edfe67","300","No"
"0x43432461b46ab733586861d64a116c06519f4c36","300","No"
"0x717f9240ef3dad33d4df2687c11d455a87c4d814","300","No"
"0xb810bbce29ee666406f7fb650bd12b7e10d192f0","300","No"
"0x6f42b16a04cf8b581d5494bdeb41f6cff2959f8d","300","No"
"0xd50667fc5f68326c832755c7fa2516470b65bc5c","300","No"
"0x5ce963cd8fb8dbf17c6bf823f7e9186f7b7649be","300","No"
"0x4ca0122fb8e3b0aab12ee5faa6d14b4d3f8e118e","300","No"
"0xda19956ba89af482e52aeff566d24362b1355ff8","300","No"
"0x6771a711c21cf14f1eed3551b5ef5a1bb8421a8c","300","No"
"0x925e44e6f282311e49ff5fe26e5a794af5193a8e","300","No"
"0x00df5628c75984e9f945ad820f6c620a45db49e8","300","No"
"0x2e5b07c485c2c74b38b5b9b1031f68d35eeda7a6","300","No"
"0x1fe9bb8af73d0b853c64df987d2b422d001da0c5","300","No"
"0xe6a7698a00c28534b54f48395fb4164a69e57e84","300","No"
"0xb84590a64beaea3ceaf8c32566c850e72be6617b","300","No"
"0x9bd47354fc1e9b67bb2e1ba2bcdeefb53f96f3ea","300","No"
"0xab334ee11700c780299751cff656229f2b9838a6","300","No"
"0x97891bad4d43df73b658d6e16918d0d3dad0cb5d","300","No"
"0x25ba3209a51906ef2231135101948a99602eeb73","300","No"
"0x61e305b027482358ecda2e7a56a150e0593e5cda","300","No"
"0xb16b05525921fa7351e1fbe22f56be68df76edfd","300","No"
"0xc277c3abf7bac5b8861d8bcf384a1840900a3e1f","300","No"
"0x7c6bfc5502eb719137c4c857ebdefbc49451b680","300","No"
"0xbd808beca3d1b6541bf3b3044c4c79dbb464ed5c","300","No"
"0x9657c02c74407ae004cad7628ed85333f40b25ca","300","No"
"0xb8c40b07e68df871624e3cb5859a783395c9a59c","300","No"
"0x4d1424ab9c9a4f9da2c611e285d0c2926cf6be17","300","No"
"0x61f3be073bd5c5a6ed11443e51744ce505e27b85","300","No"
"0x34d96efabde94d32a759b6fbc7a54f4279d268a5","300","No"
"0xb50f3db47f8c903ebd2fd39d5f1dd269fb754c86","300","No"
"0x3e7626b61bc24319ab552f90c0abd585121c7e26","300","No"
"0x264d3af382a29af59bcc5930b46467725dec0eb6","300","No"
"0x5fd3987a7b8e3dea965d8c9e4b15686f51d90437","300","No"
"0x2445b0349df5da4a8c465784ede1f5496e0a7db5","300","No"
"0xa8577bb5c1190a296adbf7a6bc402682c6f21264","300","No"
"0x8ce1d973d6c10362b63ef1037dc165a9e291d393","300","No"
"0xbc1e47778c6d124347e3b57f74420d84a175bf79","300","No"
"0x677204951eca5a8fbc7a7e9335a8bbdf9595b509","300","No"
"0xea50b31682d0e5f77883b27a8d296ecc71a2b5af","300","No"
"0x0f8aca6bb8d86bba87892efab1e19491c97387b7","300","No"
"0x1341df844780b66af4ccc98ae0f34be87eabe1d5","300","No"
"0x3f02358273a2f3cd58d113f8d4c753050f4043a9","300","No"
"0x7ec2f0c6256079b8b456621b7ccc52454d3e4931","300","No"
"0x8d84d6f12dda150e6435d8df073fa007d4139824","300","No"
"0x000000d48ca01537870667053a0c416873e3b2c1","300","No"
"0xabaa3153af57083df9ea1da97d9a5f6eaed5dd64","300","No"
"0x1af5599e51f190f5f12f1283ff95abf7cad11924","300","No"
"0x098adc0f08f89037be0a2f8261ee7316e8b276ec","300","No"
"0xf390b67f0e6d5cd1006bc5427ea0cddbabaabf84","300","No"
"0x79388b3376b8284033d36ccdddb11a5e3291a364","300","No"
"0x5e9ffa6a67de03077edc7b836e5168e00ce21539","300","No"
"0x5d2acef00d9fa7a573d59a9bbd5f7d2fa84e6441","300","No"
"0xf6be0f9fde4288ae4a0450dc2ca1a458b2615925","300","No"
"0x36758c46eac4236c7ca0b0b05bb497a919f15ba1","300","No"
"0xa396f815b61d1a3d7d7d7097445d46c6bca48892","300","No"
"0xc5553444296eee5ccb505b2d9540e98fac315cae","300","No"
"0x1408bd9296c4cebbdd19adc26045b5a7f7df224c","300","No"
"0xd1f0b4fef12e620e40a1b9e1c61f71200e9236ea","300","No"
"0x81bc21ffa0543e8ea00d9a7ede2fbf07c5cbb3e4","300","No"
"0x78ff533a3a52c7154947b663ac943304640de114","300","No"
"0x5ec17bcf1fb27dbc92e1a6389d9e127a61fae8b9","300","No"
"0x7dc59f924a19fa804e7f80539aaefa58d55763fa","300","No"
"0x955b6d7e0f19c1cc70b18166797a624c62b38da6","300","No"
"0xeff20aa070d2f1bb1578a72bb46abcb5fc7bee71","300","No"
"0x3ae2780dcb56f9c5ba9cd4337ae97e1d0ff37e58","300","No"
"0x5c7c6ab8f8f54251ca6acbf27df7da14a277bb40","300","No"
"0x93f01e68205f60408aaa31bc88eb2504de35f481","300","No"
"0x769c34a7965160c42d6f4ac1925f16d2511a1202","300","No"
"0xb4425ec36fb803f17db0a946d50bf69681d68cdd","300","No"
"0x192532ae6da791ab50c61ebcb5431008b1be0719","300","No"
"0x76a4948dc5c6adec093084f0d0a024d5076ef3c6","300","No"
"0x416fa6cbe15532bbf6c0515362b3cf02fe8b1e53","300","No"
"0x579edeec73ce46d7b390d66056ec9e98aea64ebb","300","No"
"0x25e4030f052d385147cc0d6506ad68b796ede546","300","No"
"0x1b47c74c03e0ee10308f3ed3dd41152db22de399","300","No"
"0x2209fa8e36470918076bf5a071ee594322818500","300","No"
"0xe487acab307e9aa05670a8ee3fea51efab3b9311","300","No"
"0x4d5565131266f749fe8ddde166d8756622f57ae1","300","No"
"0x2e61c6bebd78488ed425606450e88e61c6283e9e","300","No"
"0x8c349bdc30e7cf5fbc1cb2f1bf3bbac8a8ebae87","300","No"
"0x0c3f0759d3f50c9ca96794e2b3da28ef487a1e9e","300","No"
"0xf21ae414c02e02321258a31fa41cff6a7dc1c36f","300","No"
"0xf3bd5f9236f30f3e8b26df1065fdd37ef9a3d3d4","300","No"
"0x2f7799c8f2587cff663473b309ca0fa8bf2d2a85","300","No"
"0xd2baa2d6a989454301ae884682b15a55a63c77ad","300","No"
"0x03939e53dd4627f9780550f4fedac5715ae52f99","300","No"
"0x3b04f4e8f3994ed19dfe37ba2c76a55f37de4d1e","300","No"
"0xc7335e8ef64f0e98394cb7e6db1f50897f22b935","300","No"
"0x15620469d06758131cb81397c8f43264dbbfdf36","300","No"
"0x12d22af4cce9890309e9852d0483fa685f2fd7e0","300","No"
"0xbe3050c1628039d01a4df8dacacd16b3347cb005","300","No"
"0x606305e76d79b73f0c68c42f9bbc8384edfacc8e","300","No"
"0xb2d1b0f96d1eeb555a8f87f34a9d5d86ab908841","300","No"
"0x7451ed1e14460bb25333cdb888150765befaada4","300","No"
"0x995cb6f20d8ad9554d1034ae5835f71cf500ba86","300","No"
"0x2da254b656518679b71a825cc0ea43d397cc9ce4","300","No"
"0x117770270e329711e0ca7178726638c894d5b99e","300","No"
"0xe186286bbab6bbbf17b7c686dbdf5cb00ce279b8","300","No"
"0x501dfc553ef30e6ce528ca4da2f271501a37a6ed","300","No"
"0x96612f42f31eaea7f6c53f2655eec4f3d24d30c5","300","No"
"0x83d76e7e4667f429b67dc5a7191df2a2b1c22796","300","No"
"0x01f8062e62e666b907c1592c3920e9e33b79d7f0","300","No"
"0x0e10269464a4a9033803b86f48ebc8cb7a0f3bb7","300","No"
"0x942cc81502178a972be9686e3ddaaaa08b511105","300","No"
"0x65757d605828b43b4fc45f1a01f38c57cf4547c8","300","No"
"0xdc5e41209dd966a118a1a2b6a0d147bc59387be3","300","No"
"0x525c4018f54f3351d4251b4bfebbed838d37af50","300","No"
"0xb4134fb44918ee47f8ebdf1a662cbc208bcebacc","300","No"
"0x565dbb7d6de65eff94d1134994b1140330531e3a","300","No"
"0x2904598306b89eecd3ce04a04f4ecc58d0b4c0c2","300","No"
"0x64164455646b931bab3a4936f2acc29f73fa61b9","300","No"
"0x620f4a9fee80774a96c1f7c6b8a9dc0a7e12f8df","300","No"
"0x61c0452dcfecbf7dca31affa0f476ace35ca8a8f","300","No"
"0x89aef8f3216383eba1b65a7edae6c714058566f4","300","No"
"0x120274e58910d158469da202f470b610779bfef6","300","No"
"0x06f3b9bcb455ce1d13bf689f3af3d4b7d856c9a8","300","No"
"0x150ddbfb1fa607335946c4992bbb13fdaa1b8d52","300","No"
"0x13b2971d9e6ee022438848a817c7a1cfcd07287a","300","No"
"0xf80c0753036c2d3ac7759389f80af3ed3612c569","300","No"
"0xaa1ea51de30bc08efd474fe19852fd70fdf878b0","300","No"
"0x2c83698e2accf51b49890308e73915c16934b802","300","No"
"0xdf1e0be7c2c8ba46b9fd94edc12621501cc9409b","300","No"
"0x815e061e6560e0bf4bddd3dedc883909a7c2603f","300","No"
"0x43ffe3ff3568f84edfdc4cf54d85f3d70f1e4fe6","300","No"
"0xd91a5729f1c67d75298167b0e13ed8f159fe9e49","300","No"
"0xeef2c48947f9f6807cdd83455299481b3a76c967","300","No"
"0xbaa0cbac9c0253af9543dfed02cb7f92d47c6199","299.999999999999999999","No"
"0xf6ac6a1c4819265675595d36439129860cdb9a98","300","No"
"0xd8413e8623424ed68c4b68711b30bee568f088e7","300","No"
"0x9c5728f340ba8416c54b2e8153fbcf11935d3310","300","No"
"0x3fac025b7217aa4c6b37b84bb8c21df0b48ffb54","300","No"
"0x3282631cb0ffb8bde23c1fbff5a32d76e83c78e2","300","No"
"0x874f4b103df259f31d78f4e38d9e3cbf1ea1f382","300","No"
"0x740922622811a8fc1a5af687aefe6d5bbc460be1","290.991529663592468898","No"
"0x29006df90e211b1d48cd0d836906532f58c81148","290","No"
"0xc6945ac4789fe3dd9e6c93746948b8409b6dd350","281.880211708677299041","No"
"0x6fd8e8858866effbe0cc710bfbce753901dfd50b","280","No"
"0x12187fc34348167034e8ec9aa52f9863404eeacd","277.707732549738943299","No"
"0x3b02860a1e47c9ebae569521d4034ed806b08b3a","276.720086875904930392","No"
"0x9bb9b1fc128ca59a722f8d4fdf8faca7d779adbe","274.87845541938255","No"
"0x819e2e15fe8df14bad0be5dfecd9802f527573b3","272.505107276915791974","No"
"0xeed8403b6513c80bfcedeb8b616796e4b91d1a0b","271.884239093086037868","No"
"0xb8f32a2c280a667a35a45f2ab2c50908ee5359d5","270.746873774952820566","No"
"0xfa2f5ea1da2f26b29c709ae8acd29f6c07eb03f8","270.579805511669214286","No"
"0x996f0de0181878e73093f38e4cbd1abde9522d32","262.855417780998790205","No"
"0x45e524f2519221fb47fbad265071f15fe63b5e68","256.015739774045823062","No"
"0xb8b63a95f6b46901f10213651bebd2a86ebe3160","250.924651428835128128","No"
"0xf487a724356856aa2fa74403e20953f0552cfd88","250","No"
"0xa46d90c4dbc9cd5a48e10578e50b47d87f5cc6df","250","No"
"0x96a1ed1642e5d18528852324ade210d41284478c","247.700793127544312019","No"
"0x8bee0043b5f369367eb694489305962e72b453b2","247.319759496478184875","No"
"0x56546a17d7d1efff230b2231137c3a7ce47470ea","244.309275377357534931","No"
"0x70305cd3d6639504f593f00668d7e5b3cfd6cee2","240.453197382472350391","No"
"0x2a3ba1f241a0d035e6433973f1bbf1f12748dd28","237.826054321221956757","No"
"0x4698f89af6da6e8829182a115965a1714d91d038","233.17994696595454698","No"
"0x8abf1d08c5b535fbd061b39e7af83fc37b89b6b4","232.59695462585275895","No"
"0x1c157de858d4d3f2566f0be22e7cb338270e9278","232.407490681223371301","No"
"0x3ca2ecc0efa308d77fa10b43aff6a73ecd70b92c","230.900182277852105317","No"
"0x4d0a9dba43f0b38e4051fde34d8894f41667bcf1","221.196466979494679408","No"
"0xfee2a0c8e49e202a5ec04044afd8579134751921","213.434737819685095053","No"
"0xfde16415eca7d69a45d27e23a54618fc9264fba1","206.701528715414770259","No"
"0x03b0e4a19f357a112be59d658ec4e2834d510f39","205.297145261103951403","No"
"0x996decac4e3a9661514e14efb673cef34a9b00a0","203.110608465503551521","No"
"0x3b1cbc83af5909b225f13bf461603fcd2828660f","201.941361963674091159","No"
"0x8662eb5f360144a488a879cb7156e4e5aa14b61d","201.459813957892284419","No"
"0x10e244473d9398f830dc527b5e06f8e0cf0309d7","200","No"
"0xaedc6f8c7a4f8ad7237e86a7f9e7d0aa303b5613","200","No"
"0x873209c06482b8b0f092913854a6d2f76ef5e374","200","No"
"0x27ce8a214e1ac740f359d0ac2844ca4bfdcec5f6","200","No"
"0xab73b5ef51830cafabf13546cb1e846ec8392d5f","199.862512258530246025","No"
"0xd35c998755e197954aa5c3fec35da07e9a0a8a53","198","No"
"0x716342594dd0c6dd2efdd719153696c67760f461","196.311749663659471908","No"
"0x56ea4859cdec6bbb6d77011f22b13e647b0c3dda","195.697839060186435422","No"
"0x2a0a2ce39083e078a42b7c6806f6c3de40d69c25","193.097636898740528829","No"
"0xad3b67bca8935cb510c8d18bd45f0b94f54a968f","191.614654784363218436","No"
"0x20c1b59338a021297690b5a5896a0d8be66a0a53","187.722206576476342","No"
"0x74d08760966a2c7e72697798a27d64328be8428a","178.97326821697009665","No"
"0x57d13f579b2eedb1a989eba82da907f99d657eb1","175","No"
"0xae5c627e4ee6d2c168cc4c662699ebf4155b8b33","175","No"
"0xb86b49afbc410cc0cc8d47207e86b73761ccbd9a","172.90450462711797","No"
"0x20bf8c10b8c4d27042ce8e226ee01103cc4efa82","171.799527657846347885","No"
"0xa8b6838cdd7f20c290c2255c0132f8533e2412ad","170.477292351163971888","No"
"0xa71ea3b488ddc04abfd36adf5fc8b4a446f8eccf","167.176490973623651756","No"
"0xfde05daac511c4034d7dcee333b44943914fd101","163.676411434368156873","No"
"0x7b5a4665a2fcb39309670f16de5dfe0bd80d058a","158.48171493532563","No"
"0x8a867ff9e8123b9d44f233a21d64d3f751bdc8a6","157.678239972782241","No"
"0xb36ec68c45e26b5435daf0276dbb1df4d21fec93","155.884630873543474836","No"
"0xda863f802cc8cba3c436bf801bd7785d9e7d4f36","155.749739246042049957","No"
"0x261a0f80561ba4a3e9cb52762459a2cce1824afc","155","No"
"0x05a4448597935c508e4ad0d2cf56d56bedb246ce","154.652386778554967009","No"
"0x730835033ca01b28ef2360821b83b9f36052f5fc","154.213822541504560052","No"
"0x8c351020617fb78dc1026cd3eba57ccca14a1982","154.106958902683262199","No"
"0x56c0185f404b96b73b8b8786a14a93e6ffc9880d","154.000206358888912194","No"
"0x0936e1c4fb71b3af9a5537bc7462e6887dbf70c1","152.122776567179716795","No"
"0x3e47ce35f1b0741daf744e7f3a9f98b4bc543f60","151.176884370893924566","No"
"0x5701068ca0ba0338a5b64e8f59d5ae661e9ecfc0","150.749956485365140132","No"
"0xb5f1c40c02afe1f53c6c86ad0b9c9d37e1832845","150","No"
"0xc4a3feeeb2446742f108dc3b06727b289f46c817","150","No"
"0x28ed88c5f72c4e6dfc704f4cc71a4b7756bc4dbc","149.402292772224644482","No"
"0x73d03c59aed600eb4c4b2bce153a18b88d00cff4","142.805014010411362406","No"
"0xf291fac7956f06893d2ace7f277f776bbe568daa","140.9534586234396","No"
"0x822a89373775b09f6c49e638d727c5d979cfe79a","140.095977961180070602","No"
"0x5fd4c4472ce33361af1909fc098ba41d8882c2e9","138.075830314617507313","No"
"0xab5801a7d398351b8be11c439e05c5b3259aec9b","138","No"
"0xed39e969ea7e768879ec84998d6b03655fa7232d","137.506027488160008","No"
"0xdbc96cdfad60ee1b0b430a9f58effc4765d0bea3","130.9","No"
"0x4a8888a01e472c7be6d0ba0ad8d69154497c2b69","127.344730721017978647","No"
"0xce5ec10bc6ffff3791df0bbec3de2e697fc2ea56","127.216044715563631362","No"
"0xadf5a1f54877a1ebd3d6ac5f26981e3df8647f8c","127.097141180942489741","No"
"0x72de4c9739a8fa1f65389729277bd2ab2ad56867","126.758831091536831006","No"
"0x2b1b8637e2268144251947f18ccbdac0c5bb1561","125.326870721890871958","No"
"0x9a25d11f237d800d4dfac8512288e76b71ded4a8","125","No"
"0x968a0e5603c5d4dbf24cbd7df562921d158ad19c","123.36186454823909181","No"
"0x3ee14ae8dd7848a10b406710434bfcb73c06e46f","123.041400797005532196","No"
"0x099686478448ce02f8e61c6b01904d0548daeae5","122.803706803968","No"
"0xdc833831e0040f8686ee25a5ac960bea48fed175","121.44","No"
"0x8e6f92681bee42723eb49e80141e89f04458699c","120.003803170220360009","No"
"0x9bce3fcdd251a43ef7aa987f2d5ebc0a29ace7f1","119.296035159483030016","No"
"0x46a9070d950bf982b4dfb89629313af205b8c850","116.039014964457087786","No"
"0x7cfed2a2d4a98680dac6aa55120f5af2ec562ebd","113.564307448219410176","No"
"0x69c707d975e8d883920003cc357e556a4732cd03","110.09018932997871024","No"
"0x12909009d651d40d6ae00b150db3107bc5654603","109.07631988522565","No"
"0xea7aefe48e2e1ef6f7bedfae79ad9460f2e205d1","108.678604563452920946","No"
"0x155fe81949171ccf537b3e462df206fb71caf00b","108.117245840079287042","No"
"0x74be4961f69dd07594dfa1413d60fbff4b0852aa","107.481928749185404056","No"
"0x60f06b203bcc78c4158aa1c004f881f2e870ee60","106.248812870484821053","No"
"0xfdf700354bd388a1e440b3d230aa84b48340e6d1","106.110022071439215116","No"
"0x5b5e59ee044b706c681e9c35e02eee11d298c577","105.926112437976656075","No"
"0x2bd51f359f3aaa850856a37cac5a394479bee730","105.769085020551525101","No"
"0xc745f48fbef9b0652b1d1d093c91204159d2ad6a","102.312296043366166054","No"
"0x828d66909d590b107f0299fe5bc1d1a1b3772963","100.2","No"
"0x9e602c1920443f01cb100a57a7f894df8eb42f66","100","No"
"0x7f14288899a1aaeb21058c7ec06fb39d9a08c538","100","No"
"0x81195d9ba548498f1fd791763249efa57b9a5bba","100","No"
"0x12a261dec2af9189a98aab46bf7974ed7eedcaec","100.000000000000001021","No"
"0xa83183117230bf2067b27bf9c2a16387d29cd72c","100","No"
"0x37fb6afe23b93979cf53e4d8ce9d313d2a85ff26","100","No"
"0xcecdf4ffb7bc6bc1719b65de47fe5b9ac3730f7a","100","No"
"0xaabc27e48d8a998df91fdd009aa3c6d16dba2069","100","No"
"0xf8c69b2469752a0a36528b7def725dc8d79d6922","100","No"
"0xb189f76323678e094d4996d182a792e52369c005","100","No"
"0xe6308a53e4df56147a28e19398718b0c8e32509d","100","No"
"0x0000009688d8195c8cddcb2983304b53c8f6af84","100","No"
"0xe096e31474c0fe685c3196253a5c07fd8c487cbf","100","No"
"0x38741a69785e84399fcf7c5ad61d572f7ecb1dab","100","No"
"0x6027bd0b1b33746e02d075da20069fff48794d54","100","No"
"0xa055ba399bbe6c1aeba2d39d8c5727b3ce117eac","100","No"
"0x59083a91dda7488dadc00a240e18b1e1dd601d77","100","No"
"0xd59fae6713885faf454794befa1614c14d2f8ad3","100","No"
"0x2c6afe50894f903c4749942f19f2d2dab0e9dc0c","100","No"
"0xb621e3cdcb4bff8128435b5bd9a0c367576ef4b8","100","No"
"0x3580175ea69d103149f50e54f8da58005e997f15","100","No"
"0x92de600f86669d5bc23fd33c4b93689d49c55aae","100","No"
"0xb4fc9a7b8be45c14b6a7364667069544ea4cbde0","100","No"
"0x078e4e1507d0d52987c6f7f5c6804c045100922d","100","No"
"0x4f2c66a4628c9200e541c6910c084754e270301f","100","No"
"0xfb6effd4528d7e03cc5c53880c15a7bb0c24f1f9","100","No"
"0xe468e11e094cf2f6696ae122a0cac80447c83359","100","No"
"0xe13ac87c5eaf5a43a9ad2c20f84a4c84f3642373","100","No"
"0xd4d270e0d489528965fc651625bf135c598c7bd6","100","No"
"0xc27dc8b09058141fd03bd2e986422ecbd51b8732","100","No"
"0x000000214a258f1bd45e8a20ad6c462bb2406893","100","No"
"0x6ced926bfb22a6c1aead814f1d52f10821c4fbf4","100","No"
"0x320f879a382e410d3361fff2f8ffdc149abfd6aa","100","No"
"0x4af178f38f02f57144e23949d502cb510e721bd4","100","No"
"0xa8c734ac77f2083c69225f663d0f906a6a90865f","100","No"
"0xe8ba56cff9771678907b2950ed5e99b5b4599a19","100","No"
"0x9a2d3e27e8654afcea20c558784e9fca5864a3cf","100","No"
"0xc855bea3906621967b3aa48633cdb2a5e9e22826","100","No"
"0xc2cbf6e47294c642802052e934e8ac9cebd68b94","100","No"
"0x7d3161719c57f5c858ec11dbd2062fd90c1e0db2","100","No"
"0xc9e1399e2a355fc8f44a2d1ba4348c52973b2f05","100","No"
"0x7c8f16f9b121c5c630b7338e511b20faee4cc1fd","100","No"
"0x16fceb13009ba063824be2edceadc67a2fa42eac","100","No"
"0x3186d43fe9b69500525a12dc5914db1bc5508b45","100","No"
"0xa0b1c0c46dd8956e9a920ee36dd3d84852a9afeb","100","No"
"0x065859b83e6fe2735fc8a979767c31e3125e5551","100","No"
"0xa48ac14cee1e755c3ded26408782cb663d32cb68","100","No"
"0xf16552aaa290f6ab7ac00564535e658bfb78f3c2","100","No"
"0xedd51ccd72e1e754f8250b51de9622286fcefae6","100","No"
"0xc42ca8f6c802b78dc9db92c48fa92c78340ab3d7","100","No"
"0x92ffb1510c303cb8c93a49cd2571184dd1e793ea","100","No"
"0xc257890ba9ca225e298cdced78cb0454120d300b","100","No"
"0xc42c1e503d8c609d9e9ab1d00044830eb6f9a0fe","99.427222793873988074","No"
"0x7ab072da007e929fe82706354b3202fb0686b176","99.293030464797722417","No"
"0x0079331da24ef447dd48ef03b59d6fa1040cd661","98.999359907","No"
"0xabbbadf7fc694b8f2e32fb8aed676f728d390638","98.6","No"
"0xa691290056cfce2e26b98278a538e4e952807ed0","98.136102248045709487","No"
"0x0b58c806357f40ba433d372594f5cf3c16d52f55","96.915466119295609708","No"
"0xeb3aa326d5b60a2588c80231b9d3f7edc4d561fc","94.362161777631103898","No"
"0x4ec2ae921e3f56ec2a3cb5ea7bebbfc4bd1601bd","93.841413308355851515","No"
"0xc3017ce9fc28556104e34c593e5f6eb6a1c4fb86","93.000007053","No"
"0x12e535c967b53c29894a1431a237cd10ff521cb8","92.05230124441199557","No"
"0xdf209f53681408294c5544bb0e70827822b4d303","91.713118939794817071","No"
"0x94446fc7b099ac0f2177ae40eb1eb4d11bae6536","91.6978987259214835","No"
"0x85671e16e36cab63b94d318a2a17738e7d1cf958","91.672017657022731359","No"
"0x97b102e00d88f02debfd6b1e4b901dd6931bb982","90.050039430733486853","No"
"0x34a66ae2048a62806ccb5dffcf0c34468b8e740b","90","No"
"0xa0073e03247549e142189ac78eb6322b5e3bdd76","86.119578080990111184","No"
"0x163021e911c1e519244c86f1823b7aa1c7ed4fe3","85.072420752475171405","No"
"0xc42008f4aadc0b487f214d738fcdcea1d0488e9d","81.882804179468097029","No"
"0x63393934fc5363eeca139a2298dde58b8a629f59","80.453397973809475235","No"
"0x528683509118c009a309f2f46f670175c72e2300","80.156795450539340826","No"
"0xef76148eaaa6ce9a8c5fcf985bf73b2bc1e09b4d","80","No"
"0x858bab63629f8b1ba4679adc7765a6dad91d5198","76.58667631424126","No"
"0x11ededebf63bef0ea2d2d071bdf88f71543ec6fb","76.525445690473215076","No"
"0x9f5cc82bf1371600a80e05c81c1e218eb893d29c","75.88244951473203568","No"
"0x0ff99a52fc931bd1abc2865b69a3e4a38508ec6a","75","No"
"0xbcce015bf0bbc26ae58923a89a17fda7bf999b30","75","No"
"0xfead5ad80584862961c9a3808717261006b4b0f4","75","No"
"0xbe111ba8ec1aa849df314e8985ce6d3f28e24de0","72.664254712418886025","No"
"0x1cd1a47ad0efda554fa2641f0c3ce8f38a3d4705","72.303326555372704421","No"
"0x34cc54f3c65e6e6cfd1f05e2ad0540624a5eff24","71.876330227448727601","No"
"0x70c83233c2eb2d5a2334a59eff98a2922bb5abd6","71.3390121297458","No"
"0xe027bb156bfcd0f0493a1a1530a9df8e69c85cc7","69.017891782900697216","No"
"0x1935ba29d778f2e4623c42910910ef85be7021ca","68.19162159874143573","No"
"0x7df1319c2870650ac652d50ed38d26d9783cb510","65","No"
"0x23d291dcc2feda3d6a9482d18d6d1e8b2f77d55d","62.400504513309203657","No"
"0x5cf3f6b961083176670bdb6f51195fcbeca47930","62.0928461503053826","No"
"0xbbc3558e5fdcfcc41dd7a689c9ae9db7928e5df0","62.076662260930945404","No"
"0xeb355c18a4baf212da05ed455cf2db760704d34c","62.0275031236535588","No"
"0xb0c67a2eaf2152fd772d88a219bb60c8d53f6d51","62.00723","No"
"0x29bf4e6b39405c112033dc3d5cb77fa31f50f3af","62","No"
"0x714816133d78372a8759a9e9cb6b75d2596f045e","61.8","No"
"0x6814a6590c93760a1b8138c3ee157edc8d6b8c53","61.068325011641876","No"
"0x2db4625a9ece077cb432d1a84b85b03c15721be6","60","No"
"0x8c4c138b240e18ab516a886e620aea04cf05c467","60","No"
"0x86879f4cdfd62ad84c77175a9d58541f43dcc423","60","No"
"0x412f10aad96fd78da6736387e2c84931ac20313f","60","No"
"0x04c89495405538ccf74ee8bd2a3a86f5af03f563","58.4541246528990897","No"
"0x91a39bc03313e384d1122286c5b6f10411944da2","57.196689535702528638","No"
"0xf35657bb67c6653c4b068dcdfe33c4d0da79824f","56.173924130301370731","No"
"0xce4ad04ea665b436a31c1a8015e1bf82df755990","55.950922141724758261","No"
"0xb5af12b837aaf602298b3385640f61a0ff0f4e0d","55.416278297128536","No"
"0x99fbd5564541d67058e4d18cc3d4a94f0a72076a","54.190324512615421891","No"
"0x4092d1b6e033bdc3360df914fe8498e62f454d12","52.740893767779409108","No"
"0xef13101c5bbd737cfb2bf00bbd38c626ad6952f7","52.205952544487506846","No"
"0x52d0fc347560cc997f87984200f4a9344ecdc597","51.7","No"
"0x95f357ba8de42090daf892c727b8a716fbf418a0","51.14329651313290927","No"
"0xdc973745a92c14e766b00948ab39a51809dde077","51.027478971495226973","No"
"0xf3c83088a49f4a07692b3b0970a08b5ceb163767","51.006102361638238105","No"
"0x161f4774eb5159a3953108e653127bb562a83296","50.984739188435203618","No"
"0x152d65f7a7c70ec28a43ba7b1f96d6a533ed68f5","50.963389440624532179","No"
"0x9d01f6cdb5af2179a491dd517e4c8a638d82a39e","50.942053106956430027","No"
"0x5584905108adb3f40f96b9a6ee12b3dde108e711","50.920730176192886139","No"
"0xaba1385ba40c5999474df9f1aa77892d71fc39bf","50.899420637107657426","No"
"0x6205b7329cfb0ceeb8de2e5beb684a3fb094076a","50.878124478486253946","No"
"0xdbdd48acb0f8d0fcd1f21985bcdf325d94085afe","50.856841689125924139","No"
"0xa669217f5b7c5eb789b05556f97987c3b627c434","50.349","No"
"0x99ea0028dec7295e916d5e2e6840e77abb581d23","50","No"
"0x9b02c67b744cfaa75a402235fdbe98684b0940b6","50","No"
"0x8c0854fb961b780e0f69af53e153d7a060ef4da6","50","No"
"0x31a86542a9e8e3a17c4b2280cd021f45ea65b48c","50","No"
"0x1c7490567ee5d9e5c4413c7d654e4d9420e5b42e","50","No"
"0xb89736e1d217f16bf4ff651c82aa9387a9b0e7d4","50","No"
"0xcff1468e5a7d836479d97d2e520150d666de7d51","50","No"
"0xa6ffd15b2ad227df54fb40effb9870553d5f90be","50","No"
"0xce823c1302b9df4e9d0d114b3d62fa62d09e05ec","50","No"
"0x5964de90ab9ea1bf1151bc836f967cc6f9810006","50","No"
"0x07f5d2b0bb376e0667aa2dd897c03a69f0abc9a8","50","No"
"0x97e2e87162e91ccbf03a5bd756ce45489eb52605","50","No"
"0x2ed6c1c7acc0f6fe0e749c7b6c014b1abdca1b12","50","No"
"0xd11dfe87eb60e40ce770a9102a2d6b16b4237e4c","50.000000000000002268","No"
"0xe715eeca1d8dadc75caf45aedbdb3952f73771a9","50","No"
"0x4debf51f2f44d750131d1180b6d8b06c0e45d263","49.460413952061790822","No"
"0xcb94c9aaf9947bb0b1542ec77b52923cf1aecd34","49.40179680732787277","No"
"0x16cfa7ca52268cfc6d701b0d47f86bfc152694f3","48.28984163951368","No"
"0x3ee18b2214aff97000d974cf647e7c347e8fa585","47.75234678","No"
"0xdaa5f6e782f0e544e80ef7aa72f3fdbb4b088756","47.076446820490746006","No"
"0x9b7ec5d797210cdcd2716bd873a6965ca2133bef","46.911765896897427","No"
"0x4f36d789a9452c32a76e540ba47b58df3b9b78bd","46.159933556475581948","No"
"0x1ad29291628702677a6a60c110ecf4b8537b0b7b","46","No"
"0x1cc14dcbcfe9f4ee72a5ccca3c61163ee373bac0","45.19186087","No"
"0xa3aa460c12713a000a33893b024d95db80945a2f","45","No"
"0x4ca2d8a5628b8e1d0060e7ca7480777e6bb54751","44.974705026047946503","No"
"0x5d2bcba17ac8613f1d6c631f2d01e40870026dd2","44.452219019677754569","No"
"0x284021e9e49fee32a896a5329e7dcf4bc58b32ca","43.722910314047232355","No"
"0xc286293d9f473ab46db8e857b49e456995cb2583","43.472895272269388348","No"
"0xfa96c08a0e52d6e1460fd84b13c37c560c78506c","42.37905275624678234","No"
"0x13af838341748307cd3b793549e50863440b4358","40.624900597277414966","No"
"0x6161b0a7bc39840d690d5a088445bd3fbc0651c0","40.561064046701017744","No"
"0x09187ebd7d6018e2a871ca5c4868cddbd498738a","40","No"
"0x7cfab03f7cbbe6069475b736d121c42810134562","39.095356830209563652","No"
"0xbf2d2886c501b327869baa31ff45844584c898dc","39.032151714835779115","No"
"0xcbd18d5d885c88d904997969cf03fa25aa78218f","37.74278756365744374","No"
"0x78e2c4de212474d410456e9aa0c3acbc44f0643a","35.994663454020625","No"
"0x4a183b7ed67b9e14b3f45abfb2cf44ed22c29e54","35.330953527771402687","No"
"0x189038107d4b0ec41331b64254c33686306216b2","34.507360096648903597","No"
"0xb899c93907b31efa04283a1803600d13c75ecadd","33.210477302918721554","No"
"0x51ce55238ef95462a6cb350ffd7d37bbdb129f22","31.426863004549379799","No"
"0xf2e1c532106d5ed8a2901f81c7e13e4a2fc9e419","30.861189920902636702","No"
"0x3e22c0207304c5ba394669f7667ef9b5e408cf37","30.027297841797503763","No"
"0xad0d6fda41dc43ce06b126192db107915c15237f","30","No"
"0x2a75acd734a7c4c459bc61b623603d24d269d476","30","No"
"0x97c72763df3f670a890fd9d01035190f92584f7a","30","No"
"0x170f7be1baf9234af5966d194a0a6bd6073eed99","30","No"
"0xa1336a90b288715cce8bc4d5624c9526e0751b42","28.705384541221051144","No"
"0x6a002a170341110081f3cf6c383389a7eb5a3cf4","28","No"
"0x74405140d25b5d493f1e66ec42463e3f99a1aaf8","27.582321938303133186","No"
"0x506f8452d58615dbf48cc39bf0b0f1211dd48195","26.5926241325855901","No"
"0x37e068efe9084c19f5bfad3a03ae6de170f4666b","25.134200523877887","No"
"0xb83cf781b007689b66c0de2d758a86f3d8611360","25","No"
"0x3385d34e7e8ab15f8296124d67c11b97b34428c9","25","No"
"0x049808d5eaa90a2665b9703d2246dded34f1eb73","25","No"
"0x86e6034c0eb6ec8d323c709c345b36219f3d3261","25","No"
"0x20bcb83a342cbc049cf98c6608c980e7025a1d13","25","No"
"0x360cebac3453204d44032d4e4d2c9896de48a85c","25","No"
"0x5bb16b1a4c11478beae10413af3c2ff47e64c03c","25","No"
"0xcdcc0a928e0bd3779a7a93c92145406720ae1825","25","No"
"0xcb87c8505a230e6af60f71288bd63dda54a52dff","25","No"
"0x09588dd79cf1ff2c202c3ffd6fdca049628f4b5a","25","No"
"0x8d38455fa79c647fb90db2c54481d03dbca67769","25","No"
"0xeca46cbc5c5bf639f9a68c0508c0598b1349e10f","25","No"
"0x0ed53169888f9eb05b33ec49d8a0409b2507fdba","25","No"
"0xd286320505d3b7690f7587c6fa092991c42cb404","25","No"
"0x960dcb2bb05bf70d6864ff1755d30127c367f9c1","25","No"
"0x924ebcfbd31bedf4fd3503553d7bd34ddf68576f","25","No"
"0xe06684499f2d93fa972586083ad768494379d732","25","No"
"0xd61ae27700f99477b35dbaa2c2e57b94ffc57e23","25","No"
"0xfc3e7660d4359b4209ecdf24b375dd6d6523ccd8","25","No"
"0xe85432213bb554303edd18ea03f00145e77a7663","25","No"
"0x66b8c13156b8e82734f3e659fbe6e9454a7a09e2","25","No"
"0x8304e05d85d23fd6d74c5e6aac5bc49e6bbfca88","25","No"
"0x1090562f3a57f7c56411d6f784df65959aa90375","25","No"
"0x93373ec820d68a9dd3e52122e083c9fb990fef2c","25","No"
"0x444f01464dbbf88e13292ae42772d9143a107e8e","25","No"
"0x95d0795b56976fdff485d06a901448af9fa76d59","25","No"
"0x561097f3d0f193f53e56899555218e3e88d1ee38","25","No"
"0x0f71ca78efa7bc202ecb5d2bb10125f41c7a1911","25","No"
"0xf7ab5b6f5802a26d37323c4c352d13a0f8b45007","25","No"
"0x70120603397e5e288d77792b52fd42b8c874c8b8","25","No"
"0x7c641326a8500e4158e3b7ff2a145c6c69f8f025","24.471890956141509487","No"
"0x9adfd762d997bd382028a579bb68bdd49d97493c","22.159250171434430985","No"
"0x29a0e9ba87177d1163e2519bbe20a4689b050970","21.69500477412629121","No"
"0xb4051198620688a6c2d27371c8cfa7b95d740fb9","21.14341643420956997","No"
"0x00c9f293a491e655caf3f745bf636f7e4a9dc8fe","21.138519424577596525","No"
"0x750f1309d286fa8f096790fab2f81e81d54916a4","20.663808605699109767","No"
"0x9a89aa7b67ebaba68141fb92ed5253cc3f197f1c","20.456988542972293847","No"
"0x145c692ea0b7d8dd26f0ed6230b2fc6c44effda1","20.317489326986838315","No"
"0xc5deeab9c6c2ff9361da0cc5874800d3b994e305","20","No"
"0x4002ed1a1410af1b4930cf6c479ae373debd6223","20","No"
"0x65d3febc3112cef66be36df9a62ac0f94079bd42","20.00000000000000102","No"
"0xd40f6e96e3cc0aa50f5d3e27809b465b9c931326","19.923406831853171948","No"
"0x1055262d813e93ca77908a8c428e55bcb2756d42","19.324395827882175147","No"
"0x87ef9c80c65d686b5d292838c31ae6f8ea70d6ca","19.276313614374069475","No"
"0x5e86f18d50597a0c75de91972fc8261b46749fad","19.139717231591024881","No"
"0x3221ae35d87c8389cff84d60aa1b764516a00701","18.527743834110093168","No"
"0xbacfbd7cdef7f873a6037dc02a4a8d77a9e31964","17.128089301492835099","No"
"0x3942ae3782fbd658cc19a8db602d937baf7cb57a","16.7802244099976486","No"
"0x789354f8d9257c2d57f46f9493e000f374c9fae5","16.128959390824325157","No"
"0xe08487309e3105411b2520ee80cc74ca760f7a6f","15.529957593909583715","No"
"0xdf1a80841b16747ea4a48f449a255a79f8e238de","15","No"
"0x1493a6b2bb494d4e6aacae84353b5807de526b19","15","No"
"0xba7b1e9635fe21d308f11ad83c3ff807de703b2c","15","No"
"0x78d4f0212cce00c0b321c99c0a763f42f7cf9966","15","No"
"0xf47e3493991b05be2ed554cce0442fd1fb2a6436","13.8165849728668689","No"
"0x73fe2222fa58cc944125d144ec0387103ea0a1ce","13.097713403844114","No"
"0x25e38d24abee40eee40ef07fd39540ea5b1a3ea1","12.798258992823683617","No"
"0xa838f88fdfcf112cbe53d748ea881614b3097b92","12.390481941382618","No"
"0x5e26d6edd2452f2c8cc9571be7f508957cf0b108","12","No"
"0x461540fad20d67f61ed42a34a9e9ada7c546dae9","11.827397613190230411","No"
"0xc59647c3f5e8ed48c500dcba5fc01b6562dc93e5","10.278387399406630542","No"
"0xee15f56c09dd300dc039de1901bccca32a23a253","10.275","No"
"0xbefde20ed5b9824e1e85e60d5aa8c6504be583cf","10.000000000000003102","No"
"0xeb056494c09bbfa643a61f4648dcb36e5fa96441","10.000000000000001724","No"
"0x9b57430a4947e31a5494e6a9faef12e6decfe347","10","No"
"0x92700a4a7e8770884f574411f1f5699f4a1f5ce1","10","No"
"0x5e970f2b4ca2f222a194a625e2a9759f603b905b","10","No"
"0x165cd37b4c644c2921454429e7f9358d18a45e14","10","No"
"0xa8a6984a140905491a2885e4ba8267368aef6494","10","No"
"0x389ad3700e5bccab1f90fbc0b60f6ee7558952b9","10","No"
"0xa017aef15a6efcb0585955f5bc17a0b067ac712b","10","No"
"0xc852848a0e66200ce31ad5db9ce3bc5d53918112","9.950353978205924405","No"
"0x50d0c9b0025c67d345f5c58c1b64f582c0d7e7e7","9.904905942377957198","No"
"0x0a6c69327d517568e6308f1e1cd2fd2b2b3cd4bf","9.617776184369771766","No"
"0x34e80faf6be98fe0e8748f40509a31c685caea7a","9.566946933009130115","No"
"0x459feab700e99a705024a689a24b11f0437a6ca0","9.47303419295357825","No"
"0x858aa35abfe70d8b3d6ab84e96cab13302a1ef2b","9","No"
"0x8f3bc8ede80e5f43bb44bb145e7b201489f39c69","8.8675134540748946","No"
"0x1abf4a44b0efb6a501ff30e40b4ed2c4cc6f8773","8.649236358045331739","No"
"0x39d64339848b41569f8f8aaa671646c0f51343c0","7.999998609","No"
"0x1e27c17432abff8e314b421be50c63a42d3e95e0","7.839562600423211","No"
"0x4d5af8cb8fb232ebb2cd051f147fde2af00327b0","7.802382498405708389","No"
"0x85e4b7cd13ffece3c231b969e3ca72329c93aa06","7.795366148932612696","No"
"0x5be10f3434bc1ac6c0a34f86da39ea0095392f21","7.752911714256386587","No"
"0xfe06f75453c3ce10e0ae4717dc49d4d9c0ed3b32","7.247285887116483109","No"
"0xe88663f5878dd0967c905ec8c7cc65d6d8e091e6","7.117238290631085","No"
"0xebdcf0adefe38af491c668d4f9b3b9aa1f54b867","7","No"
"0x96c195f6643a3d797cb90cb6ba0ae2776d51b5f3","6.943918085848454557","No"
"0x9caed862d1ae5fc3e38a85ae6e79334bc5e2b59d","6.7965100443079488","No"
"0x56bf24f635b39ac01da6761c69aee7ba4f1cfe3f","6.78344049825087254","No"
"0x5708fac57ce9dc3eb2b092acf115121e4589920e","5.975378617364724","No"
"0x3328f5f2cecaf00a2443082b657cedeaf70bfaef","5.581002265295384288","No"
"0x2b19fde5d7377b48be50a5d0a78398a496e8b15c","5.33211613792522782","No"
"0x287e38a0b4e7d504fc5f184931dba8fa2631ce87","5.286641740803621397","No"
"0x39da91b3b753ab31d93fcbba2b6f0239bcc0dd9d","5.000000000000003556","No"
"0xb87008977dc4106c3e45d4f063868d169b2a8459","5","No"
"0xa889b33e317c507fc4a8d116b2a1884a65d6d90a","5","No"
"0xecf8fa864cdc912052a9c5410619ccd0e12451ca","5","No"
"0xe07af5d03aa53073c86573f80c458dfa2aadd09d","5","No"
"0x5a8bb43d0ee1fc511946b3debb8ca301d6e69b87","5","No"
"0x5c0ecc8319c320f724744bc0b153c4f7bc26ced1","5","No"
"0xd4bc63cd67f6a9870c2c5930848ca1b5ad0aecb8","4.7972850532997033","No"
"0x385ed6fbacee3b3518d830d003f87bd3ddea228a","4.77292309527059051","No"
"0x399cf1ca9b8dcc369ee3bb2a6516144de43e506d","4.2","No"
"0x21fde3e8b91a982f59e9c3cdf2d8cb17eb720875","4.17427558891106","No"
"0x0f2445bfcd9e75859a11c1e0f401f3dd715325c2","4.08369437715254967","No"
"0x8aa0cf123942eb08fbb80e54964c24d0fc41f726","4","No"
"0x9059b7c20390161af7a8fd2aac21f1b9ac7b22be","3.969922445415225079","No"
"0xc4449e123ac10f1bc940e0842b429a0b036d0244","3.662896795454511196","No"
"0xd2653cf02a366441870324af4f9cc904e8c6f30c","3.5223445122836405","No"
"0x0894ea1c2cc39801224e73b5c2717cf895ba50b3","3.000062821174103456","No"
"0x6ade0c5fe32aad2af59030809b81b84f2f73d82f","2.970044061209243777","No"
"0x39041f1b366fe33f9a5a79de5120f2aee2577ebc","2.5","No"
"0x5b4dccce9e8793dec3ee05705e26a3bda0626d66","2.4216862162300605","No"
"0xf1a87bae34469eced76d1dce5439c0ffbd115a05","2","No"
"0x99c9fc46f92e8a1c0dec1b1747d010903e884be1","2","No"
"0x1e5b11ad0522a781c6c395b012d130fdbb540d48","1.91424375890763621","No"
"0xc1e92bd5d1aa6e5f5f299d0490befd9d8e5a887a","1.773369052227010027","No"
"0x0ac0a666ece6c5eee85b60a6c73a66d353680b74","1.717079477376997483","No"
"0xecb7046f236600ac17713e43ecb3c436109aa1a4","1.576968885330512839","No"
"0xcc7cc2e94273e694998ba0b3c80306cf031aedb7","1.46629463680106552","No"
"0xc63f8e0a986fefaa51069944167f79f9edebd995","1.288715072961619524","No"
"0x2f980b046509d8ff974ff34333a32c305429b01e","1.277690178315880573","No"
"0x6431d5ba0b8c7ac2361a275b22e91db26042e753","1.23765322","No"
"0x6928864053c00f32125b93579c998dfd9ead8b8d","1.215996074803936544","No"
"0xb4f34d09124b8c9712957b76707b42510041ecbb","1.2","No"
"0x701e0745006fa4ab003697493944662a0000c750","1.114700379646247218","No"
"0xaa064ea8ece949082316c7028a26535b12302487","1","No"
"0x986cd5ae83816bfce9ef13494a283ff6bcc21e7e","1","No"
"0x90cf6e89df3c7de70c92b106bf05a2d4fba9b045","1","No"
"0xffff100b0017aced8e01b8eb0454fe09c43364b9","1","No"
"0x3ee40b60a91b71b554dc0258759344ee9f496444","1","No"
"0xb13f016536df6d60a4ce41851644cca55c9a6521","1","No"
"0xf6a0402ca9c1661999e95e39def6f3903460c77f","1","No"
"0xa4b1838cb086dddafa655f247716b502e87a0672","1","No"
"0x2ecb38722995647c0d8edfe76ad7a22e3fb064ef","1","No"
"0xe57a97ac2966e4dc0016fce50e93bc1b9daf56b8","1","No"
"0x4550d00ef2fe69b1021009e003850f5bd35023b6","1","No"
"0x00000047bb99ea4d791bb749d970de71ee0b1a34","0.9","No"
"0x9b532e50bd91c51a5a4337d22d4be04a088ce3c2","0.8962120553752966","No"
"0x36d091c7adff0afa77937027411dcc8e998175ec","0.874403229895518156","No"
"0x0816c7654bbf7e8b3359dc64ad8c31f60c6a673a","0.864756095711707742","No"
"0x2627e4c6beecbcb7ba0a5bb9861ec870dc86eb59","0.84429841132853155","No"
"0xab54eff423334427f7a0a7e41ce6514fa46e3c10","0.829599508421791158","No"
"0xd2033db9c5370ac76abd80823b5c5adc097e2fbf","0.805542084353058","No"
"0x5badda5ed2139fbbf37999f1e95225f61d0ee26f","0.804695070443487414","No"
"0x8127d2e311619bda01b45bea3ab7c360ebb8362b","0.797870336310665754","No"
"0x94be386984edcf41b95debfe21852f513a7da002","0.76048423","No"
"0x57fffecf70651139e290f67ba7b97a295731d035","0.755359825654168842","No"
"0x6dbef3946abce71a0004a7c54ea237a4b5fc1307","0.733469644022090577","No"
"0xf9da123a8592b3d0c99c6c2025d0d6cc0ab79c36","0.664408057049332064","No"
"0x123dcd66d5c0a77943f18a621ce9e11cb4142fa8","0.609865877834813997","No"
"0x89af492cdadb8e23ac61ee65aa49675b98171b05","0.586002054132410371","No"
"0x64880e434b80547e69105b3200b84d77b444a91c","0.57712346195953878","No"
"0x9683a18beef2999c34fee2509735a9f288740471","0.544368372978184729","No"
"0x0ff81614c04f6fd075f9521eaac9816a2fe82ced","0.532116281534944","No"
"0x1ba6b82641c77ab1fc7bc734c5c3628199a8967d","0.5186811152197","No"
"0x8cd9f9c08c6a3f891bc570f1d6a3dc91c1f62bb0","0.31163908363966832","No"
"0xcf2b7c6bc98bfe0d6138a25a3b6162b51f75e05d","0.26788016456348842","No"
"0xc9d14dc38889070a0dcd7d8669578926b3d87553","0.25","No"
"0xafd2fedcc22e857bc82865838f43053f261fd581","0.219167748423279775","No"
"0x699afee5c93d1de7e734ffbfbff727050a6eb63c","0.183112036426979029","No"
"0xa2d54f6601b8b990120dd9e7f1eac456c2da6ebf","0.17285283931977501","No"
"0x17e32fdb2c47b2e46245e3ad25228cd3faff230f","0.159242955678930288","No"
"0xffc3432913a0adbff3be01fb3478fbf5d0b36cb1","0.14253848756612639","No"
"0x02833b4d3ff06e993c16522a177836426f01dd9e","0.125","No"
"0x159878e29826d22fcfc85c70613331d78c4e8bcd","0.125","No"
"0x00000000a991c429ee2ec6df19d40fe0c80088b8","0.072057594037927938","No"
"0x90d07d98fa496cdc09e0cea5ea2d0c902f1754e6","0.070333352593889023","No"
"0x84d99aa569d93a9ca187d83734c8c4a519c4e9b1","0.067879479604233674","No"
"0x681a194ce6a05b0b5de0fe41818c19509bd079ff","0.063230939904457502","No"
"0x6e9becc317bf34e9394a2000f9a9a61dfad596fe","0.0625","No"
"0x7bc01d2a051374e731bf03e7e7a88a4d3a738b39","0.058045786410316578","No"
"0x9b9667700daa8712f2da2f1b6e890a8bf2790c41","0.05381443051962","No"
"0x56b57cb0c835725e8d17f48db5185c3b0036c562","0.0527860889128595","No"
"0xbb637a937e864795cb00f6681661904836ac8a59","0.046085157350050008","No"
"0x916c5a7e958924e850e3c434ddcf65d1d660339d","0.043356825424843","No"
"0xc7df7cb02aa38b8b7c673f490b766fe0df20dafb","0.039535262313080748","No"
"0x3fa756e0b4afcc0f0bfd755281fedf82d92927bd","0.037704458226751351","No"
"0xffc8d9910fb9910b57a9783b841e43f8dd5b4c77","0.03509590125319","No"
"0x9152738aa11b9989fcb368f79456e885d5074765","0.03077182088787019","No"
"0x6f0f65215fe1014a4c41dc638e4bc211fc00b12e","0.019207022727500765","No"
"0xc264e06553c109b1321091009dd9ff4c5358b11b","0.018914994615881485","No"
"0x00000000003b3cc22af3ae1eac0440bcee416b40","0.017016121435688299","No"
"0x46d20c90305daa6436475a21ad14d2f6fce18f89","0.015046847946096504","No"
"0x183b6267cb9f985a8aa7fc912672a21d644a4102","0.006539853944227453","No"
"0x9ae09c4329a04891f1e2a87a74dc22eb82492655","0.005691334435304818","No"
"0x175d6172bf78c641934f2ef0f3ad431804955999","0.00364834368946","No"
"0xb3f0f7ce861a2c85074f63b6eba35983ed909015","0.003526655342373941","No"
"0xccc64102b96f8ef386c64124257db4fa9835596e","0.0022746685207524","No"
"0x6ab791754298d6d6d7c182dc1572126b4ed24897","0.001794687565993719","No"
"0x6b75d8af000000e20b7a7ddf000ba900b4009a80","0.000844424930131968","No"
"0x0d49f07df916a0d3ca111eb1e3d300b92949a4da","0.000732478785181195","No"
"0x1f2f10d1c40777ae1da742455c65828ff36df387","0.000562949953421312","No"
"0x994db2e89a886a80c5495accfdb18e733b434a2b","0.000536847343702","No"
"0x89f5b20257ec7ebc41d27d9b448330d033cca06a","0.000331777598938755","No"
"0x93ffb15d1fa91e0c320d058f00ee97f9e3c50096","0.000281474976710656","No"
"0x8af9ca49688e52787f31742dc259002148efaa62","0.000281474976710656","No"
"0x429cf888dae41d589d57f6dc685707bec755fe63","0.000281474976710656","No"
"0xd6dbed6297b539a11f1aab7907e7df7d9ffeda7e","0.000099777699359","No"
"0x6a936d26e64eae237d22defc0fcdab95a326b20f","0.000089227082222762","No"
"0xb6647cae065c321e75775b50a25fd54e9ac5c436","0.000086456087072331","No"
"0xc78eed7b6ef98ff11dd7f557c67ae0abdd69227b","0.000073490558628167","No"
"0xccd973daa1361b53b26ed161fd6c87b6490ccf8f","0.00007009273176798","No"
"0xb99b3610313966ebd6fb6a90d7bce01569cc6056","0.000068324608670695","No"
"0x084c06385d96150127cd153fbfe19413d8f7a382","0.000051471338225","No"
"0x007933790a4f00000099e9001629d9fe7775b800","0.00005","No"
"0x6b2d48f6991ba5dad9a2419d92c157af14718eb0","0.000047895887078176","No"
"0xaf9b8f51802ed65f80f96d84ca6baae1b5f92e2f","0.000015846081608645","No"
"0x753a4c00053678aeeb18199b0fe1adf21ccd738c","0.000010493379012638","No"
"0x2ce21e39233cb2b5ef8ea78c7a1efa882a7d595a","0.00001","No"
"0xca74f404e0c7bfa35b13b511097df966d5a65597","0.000000017241568514","No"
"0xa405e822d1c3a8568c6b82eb6e570fca0136f802","0.000000000002543612","No"
"0x9febe617fbab30217eb3455468e0785d1008908b","0.000000000000623266","No"
"0xa1f5d3fe770643f1f49dc57f253203aa88b0948e","0.000000000000021021","No"
"0xd1742b3c4fbb096990c8950fa635aec75b30781a","0.000000000000011063","No"
"0xf0230d66d017a5ce8c4b64195706f8628f198a60","0.000000000000005549","No"
"0x0d548b394f2d7be11f511606339a1e80a70a35a1","0.000000000000004577","No"
"0x000000005736775feb0c8568e7dee77222a26880","0.000000000000000029","No"
"0x00000000b7ca7e12dcc72290d1fe47b2ef14c607","0.000000000000000015","No"
"0x5828eff23f92e582ddf4fbbc2900e7448e45bd6c","0.000000000000000011","No"
"0x00000000726422a6fecb4759b44d47e48cf746aa","0.000000000000000003","No"
"0x7d7c767068f5d40a8150930296d46550bb104744","0.000000000000000001","No"
"0xb5cc8b38317f80360ef2c90ae1d115a831a2dfa2","0.000000000000000001","No"
"0x0000000000b92ac90d898eba87fa5f2483f32234","0.000000000000000001","No"
"0x96d4f9d8f23eadee78fc6824fc60b8c1ce578443","0.000000000000000001","No"
"0x5550d13389bb70f45fcef58f19f6b6e87f6e747d","0.000000000000000001","No"
"0x3293d43cf57cdd7f78e8b193e6628939400b321d","0.000000000000000001","No"
"0x000000000000084e91743124a982076c59f10084","0.000000000000000001","No"
"0x00000000751edf02c727ea9d0c1c8e64f169e343","0.000000000000000001","No"
"0x2d2f6e3cd1e0b0415b1539b9ad933cea8ca6c3d9","0.000000000000000001","No"
"0x2ae0d7d7e9c7880f01e530c731f21d49be179732","0.000000000000000001","No"
"0x5e4c21c30c968f1d1ee37c2701b99b193b89d3f3","0.000000000000000001","No"
"0x0000000000d1d773661e4b2102bbe07d4dcde777","0.000000000000000001","No"
"0x3d74b96f74785d40ce03b99fa578406da5d4c149","0.000000000000000001","No"
"0x0000000000003f5e74c1ba8a66b48e6f3d71ae82","0.000000000000000001","No"
"0x1111111254eeb25477b68fb85ed929f73a960582","0.000000000000000001","No"
"0x92f3f71cef740ed5784874b8c70ff87ecdf33588","0.000000000000000001","No"
"0x59e184a3bad198c93a981b827ddca32b10cd2b1d","0.000000000000000001","No"
"0xbcc7f6355bc08f6b7d3a41322ce4627118314763","0.000000000000000001","No"
"0x49307d775728daf1d4736ab762de0cefd035e323","0.000000000000000001","No"
"0xf58c02c8ad9d6c436246ca124f43c690368bbdfe","0.000000000000000001","No"
"0xcff2d6bf21e6835a144ef668809adec4b4e9c395","0.000000000000000001","No"
"0xae7861c80d03826837a50b45aecf11ec677f6586","0.000000000000000001","No"
"0x0d9326f283d8ca7eeea4d323d07a0c9c0ab1a192","0.000000000000000001","No"
"0xb7d691867e549c7c54c559b7fc93965403ac65df","0.000000000000000001","No"
"0x1d6e8bac6ea3730825bde4b005ed7b2b39a2932d","0.000000000000000001","No"
"0x6a000f20005980200259b80c5102003040001068","0.000000000000000001","No"
"0x0f4a1d7fdf4890be35e71f3e0bbc4a0ec377eca3","0.000000000000000001","No"
"0xf972c7edd78b945e9e089ca86ca2f601bc061a53","0.000000000000000001","No"
"0x84075fe999e50b951b0f399cde4bfbb205ed8313","0.000000000000000001","No"
"0x7cf09d7a9a74f746edcb06949b9d64bcd9d1604f","0.000000000000000001","No"
"0xbe7395d579cba0e3d7813334ff5e2d3cfe1311ba","0.000000000000000001","No"
"0x3f214956f6546c8de9951058d4a6cd8840fc98e0","0.000000000000000001","No"
"0x0000000099cb7fc48a935bceb9f05bbae54e8987","0.000000000000000001","No"
"0xc347d6c4f04777a5a124bdc372a20de11b124e0a","0.000000000000000001","No"
"0xe37e799d5077682fa0a244d46e5649f71457bd09","0.000000000000000001","No"
